relative_path,suffix,bytes,sha256
Data/Video_dataset_description.xlsx,.xlsx,31475,0544022ae732a6b088af4b6555a18c53a9364c2c02721d38e30d73af1c684cab
Data/Video_IR/IR_AIRPLANE_001.mp4,.mp4,171617,56dd66e737768639d3c0998ee40286270ebd965b30a025dc08de3b8d6a71fc65
Data/Video_IR/IR_AIRPLANE_001_LABELS.mat,.mat,16799,2e07ca621394810c5b19e06e19db447bf2ddca7e0abdff2cad8867d6402e0f4b
Data/Video_IR/IR_AIRPLANE_002.mp4,.mp4,1750528,f6df874745c5b08ef96716930e36786ff1e0c8cda84717b151d718695e40d4c6
Data/Video_IR/IR_AIRPLANE_002_LABELS.mat,.mat,11561,6be8b5070c375f31511a4763a94a586cabc359084322d97011b9e4d78bb394b3
Data/Video_IR/IR_AIRPLANE_003.mp4,.mp4,1041881,3d2ae9c2eed533bc9844dfdd7f4135103dd8eb836b10e8d6e8bd63dc630c14fc
Data/Video_IR/IR_AIRPLANE_003_LABELS.mat,.mat,14183,6f2e5e070d2e9038792b7e48889f3ca95215d8f59a4cbb5602b43f6f020f0bf8
Data/Video_IR/IR_AIRPLANE_004.mp4,.mp4,64833,7da14daad7a7c9300780c76bbfa2832d18290ae39c95831325bf538af103cf41
Data/Video_IR/IR_AIRPLANE_004_LABELS.mat,.mat,15304,91532082ea6236a49b07086244faf50c603784bc847fd34783857e5e7164976e
Data/Video_IR/IR_AIRPLANE_005.mp4,.mp4,34520,1f328e85dc910e9fe4906577f7cfacad065496f5645d45602688b1bd38ee9030
Data/Video_IR/IR_AIRPLANE_005_LABELS.mat,.mat,15040,dacc5bc1caa6a88a794547125232fe37db6b3b8ad09a0409700db3c89c45628a
Data/Video_IR/IR_AIRPLANE_006.mp4,.mp4,29669,9b326b0ffc5b427828e19a2b526f779ef3d9e607bda4f29e52fe0b6933590df2
Data/Video_IR/IR_AIRPLANE_006_LABELS.mat,.mat,15065,451573827ff2080f85db6f7c68e249213e08462d5121fdd4c0ac133e52de7cc8
Data/Video_IR/IR_AIRPLANE_007.mp4,.mp4,49723,308536e10ccc1ef8299d7d8c34637673e81d6b09cd91e381f492c5aa7968362e
Data/Video_IR/IR_AIRPLANE_007_LABELS.mat,.mat,14921,116f92b4b66fcd481b31c54a9cecbdd441760aead28852a452376f951990091a
Data/Video_IR/IR_AIRPLANE_008.mp4,.mp4,43095,06c2b4f81578546a54e546e3247b02b476c93fc7e7b75313b21b2849bb89649c
Data/Video_IR/IR_AIRPLANE_008_LABELS.mat,.mat,15384,0414805062761abd7a3412c177e3771797cff47e45c395c5ba3a38e2b5014bf8
Data/Video_IR/IR_AIRPLANE_009.mp4,.mp4,48995,cbfa0e2fe370811beed9aebb14e747980816ed8caf700c7aed319e83e58ad6ac
Data/Video_IR/IR_AIRPLANE_009_LABELS.mat,.mat,16240,86284ae45280115daca3e1ea210a36896721358c28ebf4840ffa9a2c99712552
Data/Video_IR/IR_AIRPLANE_010.mp4,.mp4,46575,bb77a6a1c1c23981887abf80de71a096ef1bfa95832f9a9cf3982035872e7a48
Data/Video_IR/IR_AIRPLANE_010_LABELS.mat,.mat,13124,46516beeea8361352818bb34f80b86b8ba1a006f6b62388a43801cbfd9be94d3
Data/Video_IR/IR_AIRPLANE_011.mp4,.mp4,42065,9fb51192d2f9981e7dd8d8435ccf4ea88bd95ca4fc419623f5a4633db3d0f608
Data/Video_IR/IR_AIRPLANE_011_LABELS.mat,.mat,12788,6b8c1d93ebaf9ec390b17d7a434d32a18389fd939586279f29b588ce39e4b660
Data/Video_IR/IR_AIRPLANE_012.mp4,.mp4,44542,1d6ee1376122b3cb38db0c613495f72346beed3502c030a765c827cab7506933
Data/Video_IR/IR_AIRPLANE_012_LABELS.mat,.mat,12869,4ca0b60325e7e86392f1d9d80d6e553ccd247d8bea4e1ff1aea8365b2fa2b5a3
Data/Video_IR/IR_AIRPLANE_013.mp4,.mp4,47457,2b09a5c4b997757135071607c389fb47ad17c5c200cad6c710beb52935e3b90b
Data/Video_IR/IR_AIRPLANE_013_LABELS.mat,.mat,14184,4c70208a5a6471c72d2b96290fff38aec44ce396ff618e925454ea83642d1f9c
Data/Video_IR/IR_AIRPLANE_014.mp4,.mp4,48809,37e2ff90b5b4463f354f5818124d27c73f04eae289bf6fe52bd372246bdb0888
Data/Video_IR/IR_AIRPLANE_014_LABELS.mat,.mat,14664,d1aef7fb548375530195e17b2f6b2ef6e3f565f8d4adb17231ad08d3c0f5fdca
Data/Video_IR/IR_AIRPLANE_015.mp4,.mp4,55585,428d8aa0c3b8384dddddfd962f3b4e72daeddef49940fbb3de64e2af80b55feb
Data/Video_IR/IR_AIRPLANE_015_LABELS.mat,.mat,14567,02549c6fa5ef021e83f961b8d83e0c09c2a36686eaeef7a6954a62adf8d0b60a
Data/Video_IR/IR_AIRPLANE_016.mp4,.mp4,50321,4d7cd4fe12d97f67bbce9cc39c50b3c85ee606ecdc8010a35ab9e3ed2ce62e41
Data/Video_IR/IR_AIRPLANE_016_LABELS.mat,.mat,14049,a931f49622dad69aa47b6e055a0098d3caeb08865547e2845da3003349dda917
Data/Video_IR/IR_AIRPLANE_017.mp4,.mp4,44979,22716f4cdf24cd6e882e7abc196ab76479ca97765e9847318264a26af0bd232a
Data/Video_IR/IR_AIRPLANE_017_LABELS.mat,.mat,14976,323418aee574f953e733cbd32c80863c7cab2e164c27b0fd9e2c936617fefc43
Data/Video_IR/IR_AIRPLANE_018.mp4,.mp4,130494,be5321a1a69c90d45a1845f08970dfc2f6d57d9cf055a9bba42148bde26a36bc
Data/Video_IR/IR_AIRPLANE_018_LABELS.mat,.mat,16673,969c2369bdec9f75402a7952a609687bd226c28711354c962f8ebed1047f3646
Data/Video_IR/IR_AIRPLANE_019.mp4,.mp4,64273,46b9dd9a375dff4182759539eaadb5193e5930d0446fd0a9360436f203745c3c
Data/Video_IR/IR_AIRPLANE_019_LABELS.mat,.mat,16167,22a43842f4e2475a2a637638ff2b3002f02b306aa503c2ab6ea24814f2d5bd65
Data/Video_IR/IR_AIRPLANE_020.mp4,.mp4,50122,3612eca0891fd9e124efa7c19fdd87e131023964c2e3cdaaf7d45fba06f0390d
Data/Video_IR/IR_AIRPLANE_020_LABELS.mat,.mat,14444,e37131bcc9cb94fb8eacb87fb6ccaebef38fce588578b17f660323913fa976a0
Data/Video_IR/IR_AIRPLANE_021.mp4,.mp4,55424,3ecb871da177ef85066dc6edec048d99e17071c1b621abf45fab642135002e25
Data/Video_IR/IR_AIRPLANE_021_LABELS.mat,.mat,14004,82dca70dec8bc7ed4e33d853b37bce7debc59535a182f57d0250b83312f9dd5e
Data/Video_IR/IR_AIRPLANE_022.mp4,.mp4,56398,b2786828b1ab8153045dae87c7bc8d1507369ec6c1146ca0050bd21eb9e5f56e
Data/Video_IR/IR_AIRPLANE_022_LABELS.mat,.mat,14933,c9f1bbd6e61f49b5f1737fbec3943a0f676ebfe3b93ba65cf86de1e6b9ef5405
Data/Video_IR/IR_AIRPLANE_023.mp4,.mp4,58940,0d9f04b8e04352f1d847ca31b5f3efa1ab4eda2686b334044b1bd020157daa30
Data/Video_IR/IR_AIRPLANE_023_LABELS.mat,.mat,14435,13c091751f961f9873566718688794c7582686a72057650e3d25fd53960d585c
Data/Video_IR/IR_AIRPLANE_024.mp4,.mp4,49215,25b0732335fb237e4309a5fb6afabd41380117e1cdc3e06af20e03746f63c1f2
Data/Video_IR/IR_AIRPLANE_024_LABELS.mat,.mat,15253,e0202e8f2079d85e60c97cc114183311db16ccb94e46d8c554eca1d03cb7d9ff
Data/Video_IR/IR_AIRPLANE_025.mp4,.mp4,49516,8d550de98d307c29f33975d12c6b00461f201991584adbbf02ee78e89318d740
Data/Video_IR/IR_AIRPLANE_025_LABELS.mat,.mat,12028,b1a49772b6bb7e7e54c03c5f5696a45c9cd8eade45a5234392a009130576169c
Data/Video_IR/IR_AIRPLANE_026.mp4,.mp4,35365,97e4d01b5e0ac025e3d72a42c05746ed15695e4724ce4e8dafffdb83dd3838c8
Data/Video_IR/IR_AIRPLANE_026_LABELS.mat,.mat,11243,7d1a2c2034518cbf4f13ce349d070be7d7dd72927e904dfdec92c094cc69ef5e
Data/Video_IR/IR_AIRPLANE_027.mp4,.mp4,88687,48ef31c86b0349d85b7f5d9d1a1f6b621c1efc217753581cfad35c767c412e9b
Data/Video_IR/IR_AIRPLANE_027_LABELS.mat,.mat,15141,dabb99f6f966426588678fbb58fd8a1cbb07ab1e2b27f9a1635ff7a615866a87
Data/Video_IR/IR_AIRPLANE_028.mp4,.mp4,85562,c31c563e09a51212af8e3861c65a3d6d427d25c8d7ec8b2ef39a1da2fb6a2ae6
Data/Video_IR/IR_AIRPLANE_028_LABELS.mat,.mat,18715,4c34efb5982bc4f64b5b51df42705c9fb5d5fd43012eee65c47045e7dc89769b
Data/Video_IR/IR_AIRPLANE_029.mp4,.mp4,83282,ccdc98f297df7689bdef312f2806768a46eabc14255a12429f9b227689a6e3f2
Data/Video_IR/IR_AIRPLANE_029_LABELS.mat,.mat,16137,0641741a5571df100f17cc2f9ccc462e560523d57eb7bd363e5a949ac167d0b6
Data/Video_IR/IR_AIRPLANE_030.mp4,.mp4,87854,adc30a627ae2fb4f8dc6b913a688936324af15df554f86b95e24c077a36cf918
Data/Video_IR/IR_AIRPLANE_030_LABELS.mat,.mat,17955,36e9875ab60547d261ffc06584a608c3f286e6c128ab0476b4f2d6a32d361a3c
Data/Video_IR/IR_AIRPLANE_031.mp4,.mp4,118240,ca116f5f69579fcb8670ad521c0f99e870595a3cf36281106e48c4156a0b4224
Data/Video_IR/IR_AIRPLANE_031_LABELS.mat,.mat,17943,87fa16986cac0390e2ad4eaa83c989aa7394f9d6c47b07b5ef7e0abfe6903375
Data/Video_IR/IR_AIRPLANE_032.mp4,.mp4,131966,dd6f24e999987ffcddcce525e76dfde9b6caf3663aebbe96603a878b1a174b93
Data/Video_IR/IR_AIRPLANE_032_LABELS.mat,.mat,16459,cab47e1efa0e7376086771b35e02854388dfb4579f3ff78f3bf847101d70a0aa
Data/Video_IR/IR_AIRPLANE_033.mp4,.mp4,127348,4a9a858b7f3ecfc9a740b9f41301216a0429f1901d4f6047e375c76d73a26783
Data/Video_IR/IR_AIRPLANE_033_LABELS.mat,.mat,18240,d845674d04e53062f2f59afd33cad7711f69ef883c42af29d9688a40cd660ab0
Data/Video_IR/IR_AIRPLANE_034.mp4,.mp4,132129,0bd98a61a924ead1d81bbc2867b818de4be98c3c21bad45552f0943a41e1783e
Data/Video_IR/IR_AIRPLANE_034_LABELS.mat,.mat,18470,75971b9380339e26c79186aaeef6dd864780b4fa2a6df475a3a2d52ccc8f31c7
Data/Video_IR/IR_AIRPLANE_035.mp4,.mp4,71975,2e6d5add9a8aef8d70ff568e450ab67ba7034a4c2afb5aa0e333505507858e7e
Data/Video_IR/IR_AIRPLANE_035_LABELS.mat,.mat,17485,a3774cd361d393e938c41cdd6ec13c6ec3e0e4aa11d63a40690c2908a63648ce
Data/Video_IR/IR_AIRPLANE_036.mp4,.mp4,75158,52e41a9ef7f95af7614144e57ec7e6dee4cc3b8778ab34ef089db18c243673a9
Data/Video_IR/IR_AIRPLANE_036_LABELS.mat,.mat,16909,f57d833eab2a7235194e8c675685e7ef64f22ee085fd44ad2ee2157b272b1be7
Data/Video_IR/IR_AIRPLANE_037.mp4,.mp4,246430,a8adbeb45089e6b2bdf1a250e88d7bcb3592b5affba7dd54023e69d49e007d2f
Data/Video_IR/IR_AIRPLANE_037_LABELS.mat,.mat,20470,e16eb3c7c5d2a8eab5170f89bf009015063f533386a713e4d304ba52299be2e5
Data/Video_IR/IR_AIRPLANE_038.mp4,.mp4,713199,df9913afa81797b6a17dbbc44694ed913d46ebb2a127592fec460af0bb1b550c
Data/Video_IR/IR_AIRPLANE_038_LABELS.mat,.mat,15552,2c1a93372e968bf59045cb30456349643276f96f1faa9330e932e7ad8fd503e6
Data/Video_IR/IR_AIRPLANE_039.mp4,.mp4,1117737,5bb8c2e173d5ca0c7432c6899dd6c2d2ba8aa251130e499cd87cc4f01e46ffa1
Data/Video_IR/IR_AIRPLANE_039_LABELS.mat,.mat,19580,b1175d79b251bd76f659cdbb84eda2ac3de7ddfa68378cfb95335e8c8c4ece7f
Data/Video_IR/IR_AIRPLANE_040.mp4,.mp4,157491,3c7ab2388d7f1882e5a77852236255c67a2092ba41ce3681f54b7afb82e6cdb3
Data/Video_IR/IR_AIRPLANE_040_LABELS.mat,.mat,17463,61de5bce5652bb96400321770aff48dabc541793fcf5a3b47b45f0794b38b13d
Data/Video_IR/IR_AIRPLANE_041.mp4,.mp4,65331,8ca33e275651e9310893590d085cc09b19ef54924a0ecbf14b410e977798cc66
Data/Video_IR/IR_AIRPLANE_041_LABELS.mat,.mat,19162,c45d6ae83d4ae3b1654a790c8a68a7928e0f204d188d6dc3ad0eac25d4a66fa0
Data/Video_IR/IR_AIRPLANE_042.mp4,.mp4,106269,69f4724dae56b77d1a166559cea0cdfe23f1e1693a2a5574a0097843b38ae7a8
Data/Video_IR/IR_AIRPLANE_042_LABELS.mat,.mat,17179,48415f7c43eb8d3b5389a3a1f5ea704df47cdd012c6582882ad5c722ab85c8e1
Data/Video_IR/IR_AIRPLANE_043.mp4,.mp4,97245,3fc45cecd47fe274626925fb43975ab71919f6c36660f4d346a15a0a9610680b
Data/Video_IR/IR_AIRPLANE_043_LABELS.mat,.mat,17552,be7c1c013da430ce74256147e85558888566ee453ac6e59c82d91afaafa3abf4
Data/Video_IR/IR_AIRPLANE_044.mp4,.mp4,63815,13c275819af0542ea110a0016b97071156f917af3114d20180d75675bdde0854
Data/Video_IR/IR_AIRPLANE_044_LABELS.mat,.mat,14676,5e64a547854dd3dcd74dee12d901e162e84f99ddd008434a39972c4cc5098e50
Data/Video_IR/IR_AIRPLANE_045.mp4,.mp4,82505,f548d96652500f6d5018074a04701d23c5c8306dfb283ecad7b8c8051f9d5d56
Data/Video_IR/IR_AIRPLANE_045_LABELS.mat,.mat,16462,0111a50e2d160dbc2cab35d5b83e72c67e2716a27c1e0f99bb983246332b07a4
Data/Video_IR/IR_AIRPLANE_046.mp4,.mp4,1568407,d7e7dcb51787cb31df367b453db5f7734651e8ba663838314a0d7786308fa189
Data/Video_IR/IR_AIRPLANE_046_LABELS.mat,.mat,18898,5173c4a941b5e114fb4c2c04e17b95dbaa1c8ce0b2f1963d8262a9396eec3634
Data/Video_IR/IR_AIRPLANE_047.mp4,.mp4,1713440,6a041d2b07bfb3781dab0e8fda5a763719639bec78e7bb1cebcfbbae098b5568
Data/Video_IR/IR_AIRPLANE_047_LABELS.mat,.mat,17883,6da6b59e8dafebc1884198cab444a06bdcfced85029ca4901abcfa73275ca3bd
Data/Video_IR/IR_AIRPLANE_048.mp4,.mp4,1776286,b42f4f13e3829a7f9e192bf3f5725f95b3199c55a5b40ec04d8ea9938c3cd871
Data/Video_IR/IR_AIRPLANE_048_LABELS.mat,.mat,17757,75515be8f7fbcfc9dc5322f8e53ba79ad6bf26be4185b59a2ebef4eae1a29f0f
Data/Video_IR/IR_AIRPLANE_049.mp4,.mp4,518112,e7f98337a98a3e9e4ecf6301335d3e73ed5161a93122b59b13d149c8562abac4
Data/Video_IR/IR_AIRPLANE_049_LABELS.mat,.mat,17651,e89e5ce7f7fccc74d036c7f65a8372e63fb44e702674060a140d9a85107b4ac8
Data/Video_IR/IR_AIRPLANE_050.mp4,.mp4,183495,13aebbd2a2a77f79a09481b7839f06db8929300c0ab468f37db6a0ff5f072a22
Data/Video_IR/IR_AIRPLANE_050_LABELS.mat,.mat,17434,8dd5dfd05e612c97ab40806c201480332872d989c28a4d703cfb99603a015200
Data/Video_IR/IR_AIRPLANE_051.mp4,.mp4,1043725,39ede0baaf25d27bf15665a9ea03cadd373276bd44f0064359b6c5becf1993cc
Data/Video_IR/IR_AIRPLANE_051_LABELS.mat,.mat,17155,6cc7329d2442be939f8a3ed2e5ebf232b0fa80ab238398f9554fc1c167f92c23
Data/Video_IR/IR_AIRPLANE_052.mp4,.mp4,74635,a4903bb29ce532c55c47bce6c26e3fca9588ef9b0e412bbdd03be946f09963ae
Data/Video_IR/IR_AIRPLANE_052_LABELS.mat,.mat,17532,d2b76b318e64bca22bc9cd09402290d9239ae79ab6a8d3fad702c95dbc03ae5c
Data/Video_IR/IR_AIRPLANE_053.mp4,.mp4,78424,be3601982838608794f2f6a47dd27fa575ffdacdae640059ba3ebdb29df59d74
Data/Video_IR/IR_AIRPLANE_053_LABELS.mat,.mat,19136,c1833181438d4d44fa5a2e9a5e681173d3cc39b2e3db5aa2932b68fbd92033c0
Data/Video_IR/IR_AIRPLANE_054.mp4,.mp4,78284,4e487d4d722e0a9fba3c8a5b91ccad477bf69e97ccba1ec9cf7be788c41ca7b1
Data/Video_IR/IR_AIRPLANE_054_LABELS.mat,.mat,18893,20abe44c1a4a7c0a6bbc515675e818dc2f09b95b82e05fae98e0fb621fc564a0
Data/Video_IR/IR_AIRPLANE_055.mp4,.mp4,86712,0d6b05b76b02df6819f389c55e6d2bdf9215e19d374d8e0fa5f4d7a741db3be0
Data/Video_IR/IR_AIRPLANE_055_LABELS.mat,.mat,19062,72bba4e7d79c0dfe5eceb1ab6f8cd3a57a6bea19d03aff1ebdf6fd3c3d0c1ffd
Data/Video_IR/IR_AIRPLANE_056.mp4,.mp4,1566031,210aef77d882f77088028c1a79e8953c9e95ddd31852a06beb939b3e9ffc158e
Data/Video_IR/IR_AIRPLANE_056_LABELS.mat,.mat,16726,0244d55df0ef38327d5c1394d8f47b350ad389bdb47c833594ba1278e4c424b3
Data/Video_IR/IR_AIRPLANE_057.mp4,.mp4,450312,f5c9fd7c0e37cb330ce1e7c780d9c0d57047a4952f58356f2298dc5f501f0bb9
Data/Video_IR/IR_AIRPLANE_057_LABELS.mat,.mat,17776,409f201f845c438061b1620749d5e7c0ed3723b36526912c61057613ce836bbe
Data/Video_IR/IR_AIRPLANE_058.mp4,.mp4,192177,7a5749525749a50cdf9af826f99db34af1204d54376b93b49dc6f8f71157a93b
Data/Video_IR/IR_AIRPLANE_058_LABELS.mat,.mat,19167,97111dd447602272994f92af30075d1c6386451bcd8949129aa602c0ea4f995e
Data/Video_IR/IR_AIRPLANE_059.mp4,.mp4,71245,a8a0189b024382bbf3824d136755dd77b1cfd1f93764cab73994a77c22daeaf4
Data/Video_IR/IR_AIRPLANE_059_LABELS.mat,.mat,17689,e5f7737c308a76164f13a18ed8fa3fbff09ddfea0716042575c7dd0ff6461b07
Data/Video_IR/IR_AIRPLANE_060.mp4,.mp4,73265,d5a98f446e182526ae683dae33ecd1b0654e23391af56614edf0ea37663d942b
Data/Video_IR/IR_AIRPLANE_060_LABELS.mat,.mat,16224,bafa60d8dcbbc4bad425e2c7640e07e557166f93f9f5af5370d086327fad7bf0
Data/Video_IR/IR_AIRPLANE_061.mp4,.mp4,749552,211819e12e4e281a63f61bd48a44b8d09137ad71e25c65728c92ad198314723b
Data/Video_IR/IR_AIRPLANE_061_LABELS.mat,.mat,19640,f64b009829f7ff845ee672105d6b509a99d7e40ffca36936176f03acc5b02041
Data/Video_IR/IR_AIRPLANE_062.mp4,.mp4,843484,1cc2d68744a7d3a8833aaf4ce18a04a1e86ed9b6e4865f9f04409bae00868f8d
Data/Video_IR/IR_AIRPLANE_062_LABELS.mat,.mat,16286,5cc54b67777c73962ca4cd0d0e71707449a8a2c63896d1517a5bda23900dd403
Data/Video_IR/IR_AIRPLANE_063.mp4,.mp4,983490,6e3aa5fabcb9a152baa8aec0a2139df68d32def4a8f4533c2a48e5213bf7f6ca
Data/Video_IR/IR_AIRPLANE_063_LABELS.mat,.mat,15295,c3eef02de316992a80118bb86ba0a28e0b1a39ceaf3596981b2c87b15080d96d
Data/Video_IR/IR_AIRPLANE_064.mp4,.mp4,67914,df7cec095b18662d37dffe238e951e7727dbec4d2ab8e671d76a28027f103c06
Data/Video_IR/IR_AIRPLANE_064_LABELS.mat,.mat,15417,f800ec66bd05c7a41dd69fb95a47a4189ccfa6b451850adb07cf1f96db8ad0cb
Data/Video_IR/IR_AIRPLANE_065.mp4,.mp4,955671,3d0f4759cfc2566013c1e4ee0e9ae2190e39f71e2102383f67f7c6d4e5330acf
Data/Video_IR/IR_AIRPLANE_065_LABELS.mat,.mat,16590,f011e75eb8ad2a0eb0ea49e8665618480d29d71e511ba50a577dae204bf23f44
Data/Video_IR/IR_AIRPLANE_066.mp4,.mp4,98672,e5edfab456c5d71dbd89d34d119c6e2e211ad627ccbee0e7701732c35595f88b
Data/Video_IR/IR_AIRPLANE_066_LABELS.mat,.mat,18283,b4b6cd77f8c1d0df67cf2dd0027062bd56dd0246f2e88d0615608e34e68c827a
Data/Video_IR/IR_AIRPLANE_067.mp4,.mp4,92840,8ecfbedf4a863b2d178235d566f7bd2e9ed14f0c71386a9c3cf5fec3574a619b
Data/Video_IR/IR_AIRPLANE_067_LABELS.mat,.mat,17702,5695dc179c17e7851eef6736c6e3c5055d427b22c946cbf870986fc533bf94ec
Data/Video_IR/IR_AIRPLANE_068.mp4,.mp4,254881,0bc6c4e0b06562f07f87224863b416fa9c7d391a9a7695abf6e4f14f79e186f7
Data/Video_IR/IR_AIRPLANE_068_LABELS.mat,.mat,16092,de8cf74562bbdbace0fa46992763b6f35b25a8d83128f24dc13d7c2cca6e9516
Data/Video_IR/IR_AIRPLANE_069.mp4,.mp4,127658,404c7dd22060215eef6bf72dc28f490cfe77e53d1299480d325bf43fd4ffc6b8
Data/Video_IR/IR_AIRPLANE_069_LABELS.mat,.mat,14808,cc5ae06740c7a4f377c53ec685348047db5a7e9dac8b5a8c78544dd59218e2f9
Data/Video_IR/IR_AIRPLANE_070.mp4,.mp4,101357,269893327db5e5ee7f37262489d038b8d0445cad687836b68429ad61d2d5c62a
Data/Video_IR/IR_AIRPLANE_070_LABELS.mat,.mat,14719,a6dd99275ce8669c20cad43a0a9dadb3174afe5c5d94e9f4e8d1e5c353bc65aa
Data/Video_IR/IR_AIRPLANE_071.mp4,.mp4,43161,9013b59f99b8bc37c9712f5d3318535768a3552867e5bde9e3b70eb5fce90352
Data/Video_IR/IR_AIRPLANE_071_LABELS.mat,.mat,17270,0cf11e65828104a9968bec4b8a533b1f9264605c25291156744ab1ed5b0394c4
Data/Video_IR/IR_AIRPLANE_072.mp4,.mp4,2373849,da210bc9f4adc4b7f3cfea0950f94c2b0c9f8fc5fbd8b4668396a0c221f0160d
Data/Video_IR/IR_AIRPLANE_072_LABELS.mat,.mat,16268,aa6c37fad49da03dbcd7b36a3c0685abe803fd129cfd158dcde51b2a6ec1e944
Data/Video_IR/IR_AIRPLANE_073.mp4,.mp4,1270826,5047528cdf52d4d49437b222e4324fd4ddc2ddbfaf96c305355b5009cd8ac4c5
Data/Video_IR/IR_AIRPLANE_073_LABELS.mat,.mat,17296,9bcef354d27319efefc1d73f1de575a3a9aa9ee76c4a36cb0e79be46c33a356d
Data/Video_IR/IR_AIRPLANE_074.mp4,.mp4,1152626,02a10d949dddf4b766bdf1dbb6bdeb733299f51aa8f56930228280f2452fce57
Data/Video_IR/IR_AIRPLANE_074_LABELS.mat,.mat,19102,85674cab3889448b080eb10d6d1f9b8e81202a210c177bbcf37aee634d9eb0ef
Data/Video_IR/IR_BIRD_001.mp4,.mp4,53395,bef2179c5302449e8ce7f37ae6a0b83b64188f0590f634638913f8853252d05c
Data/Video_IR/IR_BIRD_001_LABELS.mat,.mat,14944,2081fc92cb6d7f532a8a697ace71bdfd7bc2d69484dd4ee2f6745a5608fd3e41
Data/Video_IR/IR_BIRD_002.mp4,.mp4,270302,542065357d498857ceb6e7e65c9d244bba72f7b6510616513e61c30ef1371362
Data/Video_IR/IR_BIRD_002_LABELS.mat,.mat,15983,56dd2fc9b615acaa2b099768ecfbcbcb9cb8c231c8926942e0fc0f0d8f6ae782
Data/Video_IR/IR_BIRD_003.mp4,.mp4,20489,5017cbe6415994364987ac5db9dce375059c4709e5ea3d0ecd3aed527926bfdf
Data/Video_IR/IR_BIRD_003_LABELS.mat,.mat,16668,3d062efa620d92428299b19d4e98618b40525204cb03fb7c9e6366400a28a956
Data/Video_IR/IR_BIRD_004.mp4,.mp4,428070,9f7a5dbb711462ca1d043dc6db47bfe95d1215f3abc34fc3b95ee1db3b31e0cc
Data/Video_IR/IR_BIRD_004_LABELS.mat,.mat,16344,bb648b243a0add788e7e3937712a7ed863fafae439534a77cefaecf5a961eb52
Data/Video_IR/IR_BIRD_005.mp4,.mp4,409158,ab565439edc9d986734e780b4458ea485130edb48e94aa2d3521aca2e70d9866
Data/Video_IR/IR_BIRD_005_LABELS.mat,.mat,16097,93f57fadc7a3d1f8a4fb9f9cc00cc6194b04bcb66e38b35e0c9951d4c4ed9611
Data/Video_IR/IR_BIRD_006.mp4,.mp4,178651,8a22589dc641b068d65f35a5c299472cb356bb09cbc2d672403a1ac87734e781
Data/Video_IR/IR_BIRD_006_LABELS.mat,.mat,15517,a0cdbb3fb0fda81b85e2a5a05f04d2311423deb6989c8fae484a56d73777ca58
Data/Video_IR/IR_BIRD_007.mp4,.mp4,17376,c2cc0125092d786476131f57227d62ccd7d230e7b23ccbfb385bdd060733577c
Data/Video_IR/IR_BIRD_007_LABELS.mat,.mat,23134,91d09ddf0fad8c986954962d6eca12dceb495b5e9ce465cd7ea67f919fb30385
Data/Video_IR/IR_BIRD_008.mp4,.mp4,127921,bc4233d387f38d6fa3da24a68811dbb06fb49ad74b377f29f5440812f3b6e43f
Data/Video_IR/IR_BIRD_008_LABELS.mat,.mat,15866,97b2d4b6eb4edd915283d5a21e1a6dd226b3179b534ebc2af1e385db80d6ac70
Data/Video_IR/IR_BIRD_009.mp4,.mp4,205332,346fee2e21aff36414d98d84cb59c65a47aec219c8f7c47414ed7ff741ad4a82
Data/Video_IR/IR_BIRD_009_LABELS.mat,.mat,15145,0d7961d84367c619a059cb16c0a9d25c1a2d6ff0aeec6e710ad60683963c06a8
Data/Video_IR/IR_BIRD_010.mp4,.mp4,83968,c913d4e6cc12d60bef5b41eb36804ac50115b7bd738aadb29d5cb0e547a8891c
Data/Video_IR/IR_BIRD_010_LABELS.mat,.mat,17597,2056b8f434ad762d6bdf636724abec94d711b8dd5cd49ce8c1bf5a138f40ddd8
Data/Video_IR/IR_BIRD_011.mp4,.mp4,30566,be43d43dd60e9efc29507545fa1712b836a090dab110a6719328a00391cae5b7
Data/Video_IR/IR_BIRD_011_LABELS.mat,.mat,16602,a397c5e69ed746215fb5e55b7786ebaee0c098e08e6ff16ffe7b8c556099ef08
Data/Video_IR/IR_BIRD_012.mp4,.mp4,109501,0caeb0b28ad6cc552441030eb1894a3e3ba2bf89ca7cbd6587554a1d38ec746d
Data/Video_IR/IR_BIRD_012_LABELS.mat,.mat,15343,f97e04d0bdc076ff42451bf1abacc8b5de32abf2a359335ad3bde98f359d1cb9
Data/Video_IR/IR_BIRD_013.mp4,.mp4,36910,e3df20473de54e348cfae4244769f2758058f2f0daeeef2c485ac1710223a784
Data/Video_IR/IR_BIRD_013_LABELS.mat,.mat,16392,4522e356ec967efb8ebdc1fc8e3136cf66323c049654d287e4ef34c184f43086
Data/Video_IR/IR_BIRD_014.mp4,.mp4,49822,972105d7a84d5c6ab3e79d824c7da5962807b98e8eeec6e3c4e57db8f963db1a
Data/Video_IR/IR_BIRD_014_LABELS.mat,.mat,11117,49dc2ad9911b8ebeab1cfe1eb003f74aba8f5d5826bbbfef3862057e3511be6c
Data/Video_IR/IR_BIRD_015.mp4,.mp4,56651,1824e93b82a871b45785cec521b9f5c368887e1f2d8a8d9a44ce7ec06680c3dd
Data/Video_IR/IR_BIRD_015_LABELS.mat,.mat,12986,b7539864652097b913b0111e6a2fbc24dc4b367c6eea32f7e8c5a67b4a53987f
Data/Video_IR/IR_BIRD_016.mp4,.mp4,47383,bfb7fa1679de8deb77957546cb2e0114b48b0e6676a08425112373c3c09b4cd3
Data/Video_IR/IR_BIRD_016_LABELS.mat,.mat,19658,f0c8689cb43b2c8c96555991d3352356a734780a14381cd47921c1628870c421
Data/Video_IR/IR_BIRD_017.mp4,.mp4,151075,3a270cab045de1d60ee9f497dd732439ba9c25d7ba05ebcc4576ae4bed8c7bc1
Data/Video_IR/IR_BIRD_017_LABELS.mat,.mat,14515,4b0a0377a324d65364a2c8d54e35d7c185efef6dae497170bc17d2730c9fd28f
Data/Video_IR/IR_BIRD_018.mp4,.mp4,225107,da30fe126d157c53fd2b2dfa5da13a2cddb4011c35163973fde3b1fd7addda47
Data/Video_IR/IR_BIRD_018_LABELS.mat,.mat,17901,16302c9f3366bea172316314dda91f4404347e36bef93b921f04f5aedf2c546d
Data/Video_IR/IR_BIRD_019.mp4,.mp4,238853,4ee1107431d38e083c3e0b7c2438e641d3157249f67bcbd461cc6301fbd9cff4
Data/Video_IR/IR_BIRD_019_LABELS.mat,.mat,17871,951a6e974b4256ee00d094fcff1a2a3dc638e6f817a0921f9963011761a5d375
Data/Video_IR/IR_BIRD_020.mp4,.mp4,149325,2795c3ac7b7b1297520a730c77c3120a6314acb371ffe67277ac3cbd0c00c221
Data/Video_IR/IR_BIRD_020_LABELS.mat,.mat,16890,105d42b9a87de1b1376ddfdb0f6d0b9f07a4a9302cd012b9f9c2594bd8a2d98b
Data/Video_IR/IR_BIRD_021.mp4,.mp4,45028,41a12f8943cad9c22454523fd277d4460229ee1406b973e27e025b6cacf1d953
Data/Video_IR/IR_BIRD_021_LABELS.mat,.mat,18305,a786c95f13395fb04cf549bc02d086cb08257228ab5476c57b0eb232d6e98f08
Data/Video_IR/IR_BIRD_022.mp4,.mp4,2199314,5beac149678dce748de7935631025c94c74f73965cd8e6b2922a5fbe8a03ab81
Data/Video_IR/IR_BIRD_022_LABELS.mat,.mat,15570,cf724a94d20ce2c0c58ec7610639ab3434eaf70c4ca2dce3a3add27b17e8b309
Data/Video_IR/IR_BIRD_023.mp4,.mp4,218130,7d3ad9bad41be0646d35b1655736000e16ea6cca6a85ba331abfcbaf347c70e8
Data/Video_IR/IR_BIRD_023_LABELS.mat,.mat,12345,59cc5cab07efa3cd6d8a9b12ce1b4310ccf2078c04b6f22d2cd066cb64bf3a3f
Data/Video_IR/IR_BIRD_024.mp4,.mp4,246358,636bedecfc6339a4d388ad88d0f43a579ada48c59fbedbd599b970745bd168ec
Data/Video_IR/IR_BIRD_024_LABELS.mat,.mat,14446,db9ff1bba93d83cb539ddc5038d8595e349d8529828ad5ddd79e58cb53473f64
Data/Video_IR/IR_BIRD_025.mp4,.mp4,511540,2a87f3392393eb4d844d2da381998f956d1172f29dcf80163b0baa697b9b8a81
Data/Video_IR/IR_BIRD_025_LABELS.mat,.mat,14813,321f4b4bd5de78a33b091869dde5eee815f4d353fc7df960db53a8270abf7c34
Data/Video_IR/IR_BIRD_026.mp4,.mp4,74753,63cc5996960451a806b65156bdb64b674ef3cabce42cad2328dc6ef453b3e44c
Data/Video_IR/IR_BIRD_026_LABELS.mat,.mat,16620,60e559400f2e061acecb7f8a7be2b58aa17e8dd9b8b2ef29a67842f7817e5ac3
Data/Video_IR/IR_BIRD_027.mp4,.mp4,221137,0ced5a64504c300dc99edaf64b804c4f4f3c63d21b3604f313ec768f00db2e5d
Data/Video_IR/IR_BIRD_027_LABELS.mat,.mat,22940,403ae0490c90d1d039e7f89ae98afabe49ced3154043b7c747c76c355a215083
Data/Video_IR/IR_BIRD_028.mp4,.mp4,75783,ff9d20bc8041a9f44d013f2a9d3ab8b3f3147f6e4ac85130835fcdb3216b97d3
Data/Video_IR/IR_BIRD_028_LABELS.mat,.mat,16463,bc150053c3032ea6412d1de61866133dc188ad63526d0366354849ddfe504f82
Data/Video_IR/IR_BIRD_029.mp4,.mp4,323705,6cbbb0f1337a15c2f02fb5dfbe947e02a5528e53bcf2a3972347c85e1f418fac
Data/Video_IR/IR_BIRD_029_LABELS.mat,.mat,16212,e28eba2a53f7d1d06affd3fff8547153c9304db5b53011dbeb424fd4035de9b3
Data/Video_IR/IR_BIRD_030.mp4,.mp4,214255,c6c23a03735a76e323e8c3f73e98cea29cb5fc82fbadb0cd0ba5b814acdc29af
Data/Video_IR/IR_BIRD_030_LABELS.mat,.mat,16572,5656c8883053f76597c0afa0c93ef05a7866342117dcbad17b57b21fa41328ea
Data/Video_IR/IR_BIRD_031.mp4,.mp4,253116,3a60c45167ce78db30a759c6c2e7bc09bbce7124d302f55482ca629a844e9aac
Data/Video_IR/IR_BIRD_031_LABELS.mat,.mat,15553,6838707b048947aa610aa2b1ab45a55710b4e9cf3ab49e27b19f425b27fe5ecf
Data/Video_IR/IR_BIRD_032.mp4,.mp4,311890,2f67a6a3fe3a2b02e84670b011a3dd45fc74bae6013332c2d1c3fe4692c7581d
Data/Video_IR/IR_BIRD_032_LABELS.mat,.mat,13680,60f9adfbf903f099db709d276c6d43b99e5c4c84b1b88d064aaea31eacc4cc2f
Data/Video_IR/IR_BIRD_033.mp4,.mp4,990232,654bf291d4f87e26bff11694ed58c18f68579287b50f2c6dbd10ce1efe06184b
Data/Video_IR/IR_BIRD_033_LABELS.mat,.mat,16857,36cb40774aaa3fe198eda2103ba0fa098a5a4b37482a1256a00af5167a01f3c9
Data/Video_IR/IR_BIRD_034.mp4,.mp4,428920,71ececdb56420f3464195dd6645141df7074197aab20305ba5bf0427169f00f7
Data/Video_IR/IR_BIRD_034_LABELS.mat,.mat,17173,76e5bf5d529774dae7ce2909ed42a4fe7d59c977da83e9078e3af578a68bb6c2
Data/Video_IR/IR_BIRD_035.mp4,.mp4,153426,3651366b8364d952467e832e87f9e39518ad54f2e4d91315bb5f7d8fa063fa0c
Data/Video_IR/IR_BIRD_035_LABELS.mat,.mat,19145,1d95bf372651871d16809f1f8f64b8bf1575edee0d735a66af22adcf9e888975
Data/Video_IR/IR_BIRD_036.mp4,.mp4,340769,dd9f817387cbf82f212d13586f43e082ff46cb3ae470f6d06fc86d1ed38d491c
Data/Video_IR/IR_BIRD_036_LABELS.mat,.mat,16638,b0b6b1a34e093c1fb8941e0c1def9975d9fc00a9fe503b48192f381f4b0cf876
Data/Video_IR/IR_BIRD_037.mp4,.mp4,572369,d00e7da67567aba101c2b57e0609e51e7ce39373ab79f90ed61557672c264f28
Data/Video_IR/IR_BIRD_037_LABELS.mat,.mat,16369,2bae38a75547f22e44087d0b1e5ba594b26173ce8f12901ca7eb97ab7877dd8b
Data/Video_IR/IR_BIRD_038.mp4,.mp4,959814,11d9bcb9fe5df1a0f7edcae672ee7bd964570e0f37574d83c7398916cce24fdf
Data/Video_IR/IR_BIRD_038_LABELS.mat,.mat,22933,732bc257eb400f36b9bbbe419e56f3ec3c77f0f9fd158e8c5138e6007a1a407a
Data/Video_IR/IR_BIRD_039.mp4,.mp4,2169618,7fda8ecf50dd5af3986e728a32a597fe0642cb33baae8b84fa59df2c6820e319
Data/Video_IR/IR_BIRD_039_LABELS.mat,.mat,17625,8134f10cf0dce19d343f67bfa26b1f236c55fa635091e115a911f51788e37dab
Data/Video_IR/IR_BIRD_040.mp4,.mp4,284821,5befa677cd4164ac8fb0570963f5b3aaef68999c3f3716bbc0c53ba61f14d648
Data/Video_IR/IR_BIRD_040_LABELS.mat,.mat,16464,04c3a5bf328b4c36617daf7a30302c40a841844289d3116ba0b595e4c7d37947
Data/Video_IR/IR_BIRD_041.mp4,.mp4,56654,10dc87944fa574d65ad68a4dce7d6300186567f655fdc0a0c4d52840bd75ba86
Data/Video_IR/IR_BIRD_041_LABELS.mat,.mat,16059,edd3e5184884f23a2a0dc934ba4548571a68ad4065c31edcbffd3be445e25b2c
Data/Video_IR/IR_BIRD_042.mp4,.mp4,666283,895260deb63e188a68e23dc44623231b0eee5ebbbe7845cc846022c944f57a5b
Data/Video_IR/IR_BIRD_042_LABELS.mat,.mat,17001,3daf981d627de91a141ff59bd8dc8411553d568b1baf1d87a0b7e400ce8700ea
Data/Video_IR/IR_BIRD_043.mp4,.mp4,1170471,b32b5923b484b368130d9f790fce6f1ae2d0d077612996f3b807451b44364453
Data/Video_IR/IR_BIRD_043_LABELS.mat,.mat,17165,ab879047c5b437016c028dd81dade8deccf3a6045214d26c543475cf13e9c169
Data/Video_IR/IR_BIRD_044.mp4,.mp4,126320,0ac823e405d8d73972e3206ac3716456c4ef5c98b5fa1acccb5ceb210f4266ef
Data/Video_IR/IR_BIRD_044_LABELS.mat,.mat,23742,c2bda5dc5069f5646d55de5abf29840ad697ef57940385ce08c9ad585cd0309a
Data/Video_IR/IR_BIRD_045.mp4,.mp4,74714,0c6b0091c891766c4d3087ceb46b7b01fa40f9ef8ed7f949d5c181b68c0d5706
Data/Video_IR/IR_BIRD_045_LABELS.mat,.mat,17559,493542981ea4c9b4dca74dab4381eba65ccc6978438f92de8b8b6e3e22720d15
Data/Video_IR/IR_BIRD_046.mp4,.mp4,41398,fdf72db27e9c2186fb4e273e0aa8523c4121d2f5bcb0d366406f58569713894c
Data/Video_IR/IR_BIRD_046_LABELS.mat,.mat,17294,aaffc97520f2a7959fc803faf5a4e29bd0a773ad6349ecf02d4ee7993296bf52
Data/Video_IR/IR_BIRD_047.mp4,.mp4,54865,0a10cbf54265eafb43ac75cfd9d95da9f9f31eb69a7f4f47048155a97a0df245
Data/Video_IR/IR_BIRD_047_LABELS.mat,.mat,14549,670c37659ab5192bc447fbd07fc6bbb8bd2fc973520f068c6ddbb09699aec76d
Data/Video_IR/IR_BIRD_048.mp4,.mp4,100781,88dd161ee043faa44028cefbe7c265f450b4ef33371fcaf9a604e3358160fd28
Data/Video_IR/IR_BIRD_048_LABELS.mat,.mat,17682,ac91552b38a42fa3cd9cb4fce142d0f14a6860dd96bbb9a0f82e8741002cc9e0
Data/Video_IR/IR_BIRD_049.mp4,.mp4,83561,83f952ea389622d5a7696719264bb005f3bf462dd164b35bc51e5dba3b4dc535
Data/Video_IR/IR_BIRD_049_LABELS.mat,.mat,17594,50411aa39ce9b6d5c09fb7d05370f896672551624c141c54aa8483b8fa6433d1
Data/Video_IR/IR_BIRD_050.mp4,.mp4,83145,42680680b02b8a6656947b03c55ec4cfe513d28a7c48fb32e06096b9aef4348d
Data/Video_IR/IR_BIRD_050_LABELS.mat,.mat,17182,cf760c1842f94cda6f6d36fcdb121121aa3f1993f5dd61cf298eb8776ce5ef9d
Data/Video_IR/IR_BIRD_051.mp4,.mp4,85427,851c8ca5e416381b1f61c4a6789c69ee382d2c8d50792c913d8d88a272527872
Data/Video_IR/IR_BIRD_051_LABELS.mat,.mat,17174,eafa2bed1657e10179a5d1da3ca236f1d38f4aa1ee363ea45b5ea3cdf716a42c
Data/Video_IR/IR_BIRD_052.mp4,.mp4,77376,502fecb72ca2af678813bd87f704dce41005e7bc5ad3d2b6c95484a97623c269
Data/Video_IR/IR_BIRD_052_LABELS.mat,.mat,15329,85d4e0ea31a06b22005cd9c2116860271c6788559bb125156f98e41c8593adde
Data/Video_IR/IR_BIRD_053.mp4,.mp4,65564,7d66a0b23e91d109be96f4af2ecb8c6733b8b8c5597b02cff2178e4675730867
Data/Video_IR/IR_BIRD_053_LABELS.mat,.mat,16698,65e4318125f9c1f9e56177bbab194e7c8e6ac8ee5a70a17c91980f0f81741eb7
Data/Video_IR/IR_BIRD_054.mp4,.mp4,45694,8346d2a49f6f297c88e1a9fafd7d0232afa8f73440009b5cdc8d9586dc8ba7f9
Data/Video_IR/IR_BIRD_054_LABELS.mat,.mat,17198,a5271d5c533ed89df39f051503f7a9f1665bf7b3b53d0e8076655af0699c8656
Data/Video_IR/IR_BIRD_055.mp4,.mp4,37485,0d1820e8cca3b07b8c54a6cb05f2df5a776264a4ed4fc03aa4afb4560d6ce102
Data/Video_IR/IR_BIRD_055_LABELS.mat,.mat,17182,8fd23427d443c3fe1a1374ba82ce08e6ef09c5cb541a89377c25500bf55403a8
Data/Video_IR/IR_BIRD_056.mp4,.mp4,56147,bea85ef1ad25f24a1bc0792a7e4ac4c0dddcf756daae4ac0129a98db8acbd687
Data/Video_IR/IR_BIRD_056_LABELS.mat,.mat,17343,11873a9ecfe5ef1cf9024133503e6abd43e102b0b7a52b4798e4a239811d9fae
Data/Video_IR/IR_BIRD_057.mp4,.mp4,48929,05d3e1655d6dffad532fadd0f56e57061bd9a0c70082f50d78a1cbde07542c1c
Data/Video_IR/IR_BIRD_057_LABELS.mat,.mat,17540,2e199e7b6ac1f2887c7a560a77c53d96e2df577a32e536cf016f7f651cbb0c49
Data/Video_IR/IR_BIRD_058.mp4,.mp4,44243,1c77af643866e7b6d43ae6748e7efcbdc04f1e7df2389676ce028e0f08c6970d
Data/Video_IR/IR_BIRD_058_LABELS.mat,.mat,16679,3bb114834842668bf414f1244073c2ffe207e4deeca8922b659940b8c984008d
Data/Video_IR/IR_BIRD_059.mp4,.mp4,50385,9d16747d9d2d748f1074d1ecb2b8af6b24983f4e23e5652ad5cf957add4d9b8f
Data/Video_IR/IR_BIRD_059_LABELS.mat,.mat,17973,e4cfd31a94aea9a91509af6cd6563249e9722027715c8697cda6ba659e77cdcc
Data/Video_IR/IR_BIRD_060.mp4,.mp4,437129,10294c383204106fdfb753142158310269b253a1685a325550fcfea7d33e1a16
Data/Video_IR/IR_BIRD_060_LABELS.mat,.mat,18438,5d8facb3954c2307fc93374d84c96a9c9785afe42b8dcf3cf64691e3b0d2dd76
Data/Video_IR/IR_BIRD_061.mp4,.mp4,410247,63bcd2da0b72b9554682efa0bf1250581069dbb1d6b87d18606ea3c5f606d5b1
Data/Video_IR/IR_BIRD_061_LABELS.mat,.mat,15634,8a195533225387fda6f766ea9c3711d1e192afb288acb95fb267702e12d0d2d2
Data/Video_IR/IR_BIRD_062.mp4,.mp4,37523,ec77a7c8a16ebdea2ac10b47b4b4817d125d1be01d67722f7087e0db8ba4a527
Data/Video_IR/IR_BIRD_062_LABELS.mat,.mat,18174,fddc3f6c08aa4d202526dbdc4d8d59125554f077473709a7b4aa151da04adccc
Data/Video_IR/IR_BIRD_063.mp4,.mp4,196217,384a457f2231ce7741039b2e2d317d6e67381d39a5f3b647de0996566a078ab6
Data/Video_IR/IR_BIRD_063_LABELS.mat,.mat,18615,9686e9d52938c11a6163fadbcda79838b53f99a87961c8e01e12d806948703d5
Data/Video_IR/IR_BIRD_064.mp4,.mp4,27595,e6406b1752d501e938ee3ac0a060f6f3f8125b44ba0d4359b2243b8de3c05a55
Data/Video_IR/IR_BIRD_064_LABELS.mat,.mat,17426,b5b9b4e26aadee0316944570044f0a3745e45227cb5efa7725c7ae2675dd423a
Data/Video_IR/IR_BIRD_065.mp4,.mp4,79847,8dd848a36d0578e9c40d54f815115bf2ee416b6d1a364c4b31926924e27e86d3
Data/Video_IR/IR_BIRD_065_LABELS.mat,.mat,14574,327efc62e1f3dcd15ebe3a18054f84c2667d3f6480081c85b06ef534e7a4d5f3
Data/Video_IR/IR_BIRD_066.mp4,.mp4,567767,9a17968f8da1ad7fa2bc6578e888e3a8a3680546729226e418824e942006218e
Data/Video_IR/IR_BIRD_066_LABELS.mat,.mat,18706,53a931806ba7c9f0db759d59fe0d96050e98b6970e1ac868112b9b8663de8883
Data/Video_IR/IR_BIRD_067.mp4,.mp4,57269,2150f46f8b0b84ec5683aaf0e095f3f23a8bc371d5e53111d42dcd2cec8a510e
Data/Video_IR/IR_BIRD_067_LABELS.mat,.mat,17665,65ab708d485181cce2fd010bd0857cc0eab0032e5126147adf829443637b3c45
Data/Video_IR/IR_BIRD_068.mp4,.mp4,30908,dd403f1a13d2fa22ace47f38a9da4c06dc4d30c91262383bb268c2cc6249c09e
Data/Video_IR/IR_BIRD_068_LABELS.mat,.mat,18236,731782a4e035e5375a8361ed37d8db2322816b3cabec8e235bcd2fe4b350d8d0
Data/Video_IR/IR_BIRD_069.mp4,.mp4,23888,c88b5dc5f1bfbe0b875cf9facd16b1feac7a1ea85a988d1127f60f1c276f042b
Data/Video_IR/IR_BIRD_069_LABELS.mat,.mat,16577,741c92bc4da028bdad816a62f630bf80cf33387edef7133869ab25fa6e9f9044
Data/Video_IR/IR_BIRD_070.mp4,.mp4,20204,818b7914082820729b66efc9d9660df8ee6c8706201cd3451a36b17ddb353f6e
Data/Video_IR/IR_BIRD_070_LABELS.mat,.mat,17638,6ffa519e70ca73cde849de0867ac7bbdeb63460431dac1b811c65a81a4ffeeaa
Data/Video_IR/IR_BIRD_071.mp4,.mp4,25677,81f9e008c81fe06bec51f9d306f00695f3ed39dee88a8e371437f805e3c54f94
Data/Video_IR/IR_BIRD_071_LABELS.mat,.mat,19300,369d18d60b342d5363491d191eeccc6c2197e2b5b5ebb30e136def842ac23611
Data/Video_IR/IR_BIRD_072.mp4,.mp4,83141,6050ce76fe3c898b322972d52d8f89f473934fcbfdac68adb1dae63044d1f6c1
Data/Video_IR/IR_BIRD_072_LABELS.mat,.mat,23822,5580baa7fcabf2e0f45847fb53e9d763963e994b81e6ffb2ba7793f148ff7478
Data/Video_IR/IR_BIRD_073.mp4,.mp4,399196,f72ca0753897914e919b3cc363c5e8dd11035e8f83c6a6f415978f5610bb76a6
Data/Video_IR/IR_BIRD_073_LABELS.mat,.mat,17531,e3b327607aca71db13974edcd2d6bf4fe6b0d73c6b8ded7fb6830ae0e7eec8c3
Data/Video_IR/IR_BIRD_074.mp4,.mp4,397176,654beb4c41c313760e70bf2ecf708bf028f51249ecff526a151f8250f5363167
Data/Video_IR/IR_BIRD_074_LABELS.mat,.mat,16091,073d7c818eee95db76cf3ae868463ed44519d9c78d5c5ff644766cb6e374e5f3
Data/Video_IR/IR_BIRD_075.mp4,.mp4,222220,825ea19ced4c290484f55118858948b6ae5998cbe59075c0ee5d94e37ff2642e
Data/Video_IR/IR_BIRD_075_LABELS.mat,.mat,17432,418206a55fc2e09f56d8b00411015c2a20ede9f62889b169ff6976336c7149bb
Data/Video_IR/IR_BIRD_076.mp4,.mp4,132835,53c5bd5c3adc4bc9bece12394a718ef55737a3a2613e2aa63305221c7fe9c5af
Data/Video_IR/IR_BIRD_076_LABELS.mat,.mat,15962,1785bfc321b57d8325d950e727925130fe13dd58a7d5e9ed98744da3fd909c92
Data/Video_IR/IR_BIRD_077.mp4,.mp4,226637,3a90cd48e420f5ce971c89d24a07da1413c38d64d5bbad5a62e8b5bc45b76b2d
Data/Video_IR/IR_BIRD_077_LABELS.mat,.mat,17727,c2cc3c2036ca95b36d0be653a8b9d9607027eeb7169a3574ebb15504ebf12b02
Data/Video_IR/IR_BIRD_078.mp4,.mp4,21656,36db9e5544dfd555976fd1fca9946ed510e15b2dddb4196a134e05f6317c530d
Data/Video_IR/IR_BIRD_078_LABELS.mat,.mat,17091,e60f8248ee64a8c13f6c374430f97ddc905a4a651891b48b53185165cb2b0697
Data/Video_IR/IR_BIRD_079.mp4,.mp4,98342,47efc13733e65f3f466e1d992d603be18de8f0362085c1d8f895f187bdea9c43
Data/Video_IR/IR_BIRD_079_LABELS.mat,.mat,18276,5a4062f9468aed73bf53908daba9916a57e9dcf36af59e54bdddb5bc14bb6dc0
Data/Video_IR/IR_DRONE_001.mp4,.mp4,25853,19ec2ccbcccfdaf3566fff5122c30f8b82172b9e610c975d37558214dcd349d6
Data/Video_IR/IR_DRONE_001_LABELS.mat,.mat,15145,466a726f1b67cb055c1537125ab30a23448cec5a06d015fc624e25e9ebc8c117
Data/Video_IR/IR_DRONE_002.mp4,.mp4,29189,5542b57aa0276a8f7e09b0844102829519b491ba561448687ed9ff88cb4c57f9
Data/Video_IR/IR_DRONE_002_LABELS.mat,.mat,14726,d54bac79746287ded089a5541f6a877920cf863e9bb28349f878ea7462da3d70
Data/Video_IR/IR_DRONE_003.mp4,.mp4,27327,7665bf88690aa54ce6fcf546872846f534757b7fcbcf9f0e319c8401a04b1ea7
Data/Video_IR/IR_DRONE_003_LABELS.mat,.mat,14803,05d34ee2f694a5675cc08f76851b25103fb0954616795292d49f1bafee8522e9
Data/Video_IR/IR_DRONE_004.mp4,.mp4,24553,e76e103253eabbb7da175b610fd128e33af4a97ae9f2f2fd66e9a094a82ebd2b
Data/Video_IR/IR_DRONE_004_LABELS.mat,.mat,14846,09b78b9be0c2cd3904f4c360d86b26815872a23bc3bfea412ff5000dc9db7ed0
Data/Video_IR/IR_DRONE_005.mp4,.mp4,26654,3fd165aa284336d976bd03504dee29799c4ad2309fbef85b7d532eaaf4596574
Data/Video_IR/IR_DRONE_005_LABELS.mat,.mat,15179,783f21c5ab8cedcf6fae7d67d74e6896b6fa3215e951ecdae8ce2c803fd25434
Data/Video_IR/IR_DRONE_006.mp4,.mp4,26586,8f9188426889d25098c6dae4656b882bbf75c4fdc4f5817b24fe9679b952ff35
Data/Video_IR/IR_DRONE_006_LABELS.mat,.mat,15050,90e9c454e0a8a8ebd1145316ff7b0e9782ecec618117d4d9d18dbff605281a45
Data/Video_IR/IR_DRONE_007.mp4,.mp4,46338,2d512f9e87ec34b06deacbf728be74847069f95f4f602e1b28e65dcb63c479f4
Data/Video_IR/IR_DRONE_007_LABELS.mat,.mat,14349,2d385bfbd5d385bab472f2613dff333098adfa3cb15597c22f382bc188c2c139
Data/Video_IR/IR_DRONE_008.mp4,.mp4,27772,e2b8a7ed3d00359f2649db0682c04980251c3a0a5907221fac50fac0d7043350
Data/Video_IR/IR_DRONE_008_LABELS.mat,.mat,15702,ef326c7ff2120f659b630790d34290a9390a00581b8a2891112815d54be540b8
Data/Video_IR/IR_DRONE_009.mp4,.mp4,38807,aa96c712b0757dad68fa003ef4443850ff1460f2e4fc6962e710b87d057fb700
Data/Video_IR/IR_DRONE_009_LABELS.mat,.mat,16047,f36ddb79911be681b95a17dce4771a4756b3bcbc1bf522c90ee77cf6d777a6c7
Data/Video_IR/IR_DRONE_010.mp4,.mp4,25932,a4be836e2addf56482bb4671b924b64ebca94d350c306dac90cf334ea5b569df
Data/Video_IR/IR_DRONE_010_LABELS.mat,.mat,15832,f1abe0b299c02f7a059154caa87908e422d43c46c059ea013dc98957b8d92691
Data/Video_IR/IR_DRONE_011.mp4,.mp4,25616,2744aebde5ca8b8213395c8724c17ae489801693a222f3700f036caac77a7016
Data/Video_IR/IR_DRONE_011_LABELS.mat,.mat,15798,ad9b06ebe409cba9fc6614eb1f6adc2a9772e313a85b130cfdee38b130c2a78c
Data/Video_IR/IR_DRONE_012.mp4,.mp4,27554,2fbb1c21c2f7d739cf62aa0582d9e9c24246895c9a41e49c3e7c2f4309df5234
Data/Video_IR/IR_DRONE_012_LABELS.mat,.mat,15620,764ad469231d210233db5392bac342b9ccf7f44376cf9df2694a0dcfeb40d6c7
Data/Video_IR/IR_DRONE_013.mp4,.mp4,23192,8af576821778fecb30e3d9b32bad370ec2e825717ffe98aaacce05d677fe8c4e
Data/Video_IR/IR_DRONE_013_LABELS.mat,.mat,15938,703a51aaa18214ee078dc0f7b32881c322b37caad9358e844294027f4f36188e
Data/Video_IR/IR_DRONE_014.mp4,.mp4,23205,cad31ddf224483838908cb93cde1f85dd9c2315a28f593a115513ca7fc3f38f0
Data/Video_IR/IR_DRONE_014_LABELS.mat,.mat,15110,59c3312a855e1426629c485467105904c94bd35cecee3b52e313d07a7c23a411
Data/Video_IR/IR_DRONE_015.mp4,.mp4,24779,9a342164ebfb2a707a6ac7447786f4359bd3167aab40b8c40fd9091616c7f69f
Data/Video_IR/IR_DRONE_015_LABELS.mat,.mat,15744,867d97c9acc540a8ccb4c615c14801bb2c7f5f2b1f29770486df214b14760cfc
Data/Video_IR/IR_DRONE_016.mp4,.mp4,24683,4beda92d95fda90c58eed7cf99fef6eb41e74e2ce1c05531061178d99b224a30
Data/Video_IR/IR_DRONE_016_LABELS.mat,.mat,14981,ce05c7af4fa1f932814a05fbf636ea02609bbc0307ec60b785bae393cb1b69a4
Data/Video_IR/IR_DRONE_017.mp4,.mp4,26880,6380ccab1ef5a4fe0e54aad4d34e0b4b6442b343cd5c6d8f3001b9a46a72c2ca
Data/Video_IR/IR_DRONE_017_LABELS.mat,.mat,15910,92fae96418d5224854509e7a2a81cbe5f1497fc621db2e4997734cfa33fb0b73
Data/Video_IR/IR_DRONE_018.mp4,.mp4,30266,3eb3153b70cef312f1028bd7442ae06ef119ed7032d009429ed400d5ae483c3c
Data/Video_IR/IR_DRONE_018_LABELS.mat,.mat,15434,1ab2b86ab7ede9c5bd7100775dc7aec8b3107b438186719a3d06f14fc2df256c
Data/Video_IR/IR_DRONE_019.mp4,.mp4,23031,88bcaa6a3e1b315ff2969b2c47c3f25e0ef1874fa4edb791e51c72636a5aa928
Data/Video_IR/IR_DRONE_019_LABELS.mat,.mat,14932,7edc4cb4b72da16978f8d672840bda5718ead7a0dbd89c6a98cfe821c2545211
Data/Video_IR/IR_DRONE_020.mp4,.mp4,31134,29d3346d059b00252b058207bb027f255d92c415f73d6a517d826b8e4ef1b78b
Data/Video_IR/IR_DRONE_020_LABELS.mat,.mat,15017,462ab39149b318fd7fd3eece93491f6d417147e393ceab55fd205e0ccad4fced
Data/Video_IR/IR_DRONE_021.mp4,.mp4,32738,5dd37286b029128dbb315e6ab8b5e9fb7e5d04baeb5221cd7c4dbe4245fe1f72
Data/Video_IR/IR_DRONE_021_LABELS.mat,.mat,14300,bda3287879a175f3202a86e73e6aac6207d3bacac5d3ded6b919e8cafdd747ac
Data/Video_IR/IR_DRONE_022.mp4,.mp4,35219,32d3f1931ceca6872921b86e7eb79bfad71aaaf3f393abb039b70f66fbd56ea8
Data/Video_IR/IR_DRONE_022_LABELS.mat,.mat,14986,a4b582926b92adde655d999e91be98827af220c6eeec14c967d39b0b260fc952
Data/Video_IR/IR_DRONE_023.mp4,.mp4,27547,58cc3fb4e00048364d6267e5fba7341c941476a034cc39f889ae10bf8a761ad1
Data/Video_IR/IR_DRONE_023_LABELS.mat,.mat,14478,4c9fe63a2b652c6aacfce95851c1421394732a16c122feab4b4349d94df7fb73
Data/Video_IR/IR_DRONE_024.mp4,.mp4,33463,f615d835b2d933fe8540de60b324d650d2fe917d4f50d1d172ca05e9f39df046
Data/Video_IR/IR_DRONE_024_LABELS.mat,.mat,15656,21abda905edcd73cda942d6225c39dca4e493969a0964d131116113ff7eadfbf
Data/Video_IR/IR_DRONE_025.mp4,.mp4,32605,2c3796fe6ddba5e88a32fe15228a8d223f6083c00957dcea612e17a77e8817e1
Data/Video_IR/IR_DRONE_025_LABELS.mat,.mat,14776,4f5be177b578e6a987429a14c46aadaf395e849dae86f49e147f52da4074155d
Data/Video_IR/IR_DRONE_026.mp4,.mp4,36406,2d88a1d06d3013de9208a516738499b97356931d7a9651aa9e936bf0378e3d86
Data/Video_IR/IR_DRONE_026_LABELS.mat,.mat,14731,35793e3b529f3f8becceec968196bae8e2e1252244581127b655a9eabe7b1726
Data/Video_IR/IR_DRONE_027.mp4,.mp4,28670,f0e26a473bd64c2ed51bd1b93e7a1844a63f948118ab994f611602f1419716bf
Data/Video_IR/IR_DRONE_027_LABELS.mat,.mat,15679,b8ca1d68efb7e932e83125939c1996e0d0e0bfe163a0cae203f87709b4f0bc02
Data/Video_IR/IR_DRONE_028.mp4,.mp4,29039,9586fee37cd737f88e02c4b104204a9e43472d10c95867c2a0e0a3519ea378c2
Data/Video_IR/IR_DRONE_028_LABELS.mat,.mat,15231,63e21fafaebe771efba808169a7c9864ce78173c2ef2478e58fd6b6e079f6fb2
Data/Video_IR/IR_DRONE_029.mp4,.mp4,31550,e07e5fc7ade6a49c41bb2feb35002ab08bf94101b9eda2613aee610eb390b2f8
Data/Video_IR/IR_DRONE_029_LABELS.mat,.mat,15728,7fcfb9292ff6165849f8f9aaa3d2b6a04330cf047c8daad97141d2139bc4f20e
Data/Video_IR/IR_DRONE_030.mp4,.mp4,34225,7314eb9f477436fdae416888a4ef48f903202b15af36d1ed1b9c3c61f1cf05e4
Data/Video_IR/IR_DRONE_030_LABELS.mat,.mat,14755,800fc542e5f2a9772e999fb8044c86c62779fce49d236c9419a77cd8321ce8d4
Data/Video_IR/IR_DRONE_031.mp4,.mp4,33221,78ce656652796f074b7c9c04f0d21fded67833641dfc904b54f04b00d9e9d0a8
Data/Video_IR/IR_DRONE_031_LABELS.mat,.mat,14781,df2bf51ee354231038a5c7304fded6a4b26fced0ae89e44dfe7b6fb381d0efb5
Data/Video_IR/IR_DRONE_032.mp4,.mp4,24014,242b3e02591f8cd6d36c9003b0cfb6945d3e12e1a6ef1609e56fb460489b2d38
Data/Video_IR/IR_DRONE_032_LABELS.mat,.mat,15812,e518accc4697be01aa271d17a6e768394dd8439222766c269032fd0e19a42ed5
Data/Video_IR/IR_DRONE_033.mp4,.mp4,26536,071510eabf6114022529c0ef69773f9df786b7213040f96aace94e73ae595352
Data/Video_IR/IR_DRONE_033_LABELS.mat,.mat,14612,43450ef431fed8aa6676d824fd89e8b3fbf8bd546a088f6d37bd4bf8f26be9ec
Data/Video_IR/IR_DRONE_034.mp4,.mp4,34779,d7d64314c90d3d03ff5cd3a95413d035e2de01b0c5f05b553a2e4c5de470f1f9
Data/Video_IR/IR_DRONE_034_LABELS.mat,.mat,14974,096fa864518d92da5a274e1a53440a822487591d0e4accaf14205a2762c953a6
Data/Video_IR/IR_DRONE_035.mp4,.mp4,29936,20b4860ceccce7da3da93a78e0cefc43c935268263c866ab371ad996abc530fa
Data/Video_IR/IR_DRONE_035_LABELS.mat,.mat,15815,96c83573f120a8cec6a47112fca71993be89e0848130cc1f325caab88fdbb57b
Data/Video_IR/IR_DRONE_036.mp4,.mp4,24395,abea4bf0762288195872911065e0b8768b30beb7fe38c0a95a3516f5c3d469d1
Data/Video_IR/IR_DRONE_036_LABELS.mat,.mat,15904,872c5c5a3c147ac1cf16365c4531515553e12ed253a990d2de86d4cf35672bcf
Data/Video_IR/IR_DRONE_037.mp4,.mp4,23490,eb714e8c343e39a7d042552e8ffc1b3061e1d993df5703ffe1963c57c7422a58
Data/Video_IR/IR_DRONE_037_LABELS.mat,.mat,15324,44aeedd07a8a87087c0947ca90deebfc3c0d3484a76560d43dab125455ffbb8d
Data/Video_IR/IR_DRONE_038.mp4,.mp4,28225,8f03c9fff2a7f339e2a6798cbb055fdcf113b3ea9ba4c49e2a07bd6350f09dcf
Data/Video_IR/IR_DRONE_038_LABELS.mat,.mat,15142,bb41563ac3c643c29bdf9dcd4744364d33904b5bd3853860f4c924a061bcbe28
Data/Video_IR/IR_DRONE_039.mp4,.mp4,22993,e39cac5122bdfcd5c8331ba66b0913ac631fe3fd889be91c88574eab4c033eb0
Data/Video_IR/IR_DRONE_039_LABELS.mat,.mat,15005,952fe65515381cda60aa617b608db0bd150921c83464ce950d39a67f506c6284
Data/Video_IR/IR_DRONE_040.mp4,.mp4,21699,1099306ddfc34ed436d6c362aa386ddabed1cc1d4ec33de9fdc8e39b86bc509a
Data/Video_IR/IR_DRONE_040_LABELS.mat,.mat,15189,f861400ac86927d4264b63db1f99fd73c5ce0d3b0276ba31023e982fc78457dd
Data/Video_IR/IR_DRONE_041.mp4,.mp4,22090,947820c1688f22669f705ef6db08ee2cf363440521ee8dab29fb2b8bd9768c20
Data/Video_IR/IR_DRONE_041_LABELS.mat,.mat,14765,5cbb52923b5dc5aacaeefa3800dfbe8d63e5f861dc40b73d4f4f1f56d887a52c
Data/Video_IR/IR_DRONE_042.mp4,.mp4,23339,98499119b5ec02a96cdb358030d7bde4811651bc407219ef79c63018448bd55d
Data/Video_IR/IR_DRONE_042_LABELS.mat,.mat,14841,0266da24287e67382c013e82c0717eb9a78ebe75c56e5920f0dbdd96c79df1c8
Data/Video_IR/IR_DRONE_043.mp4,.mp4,37132,e7a625e4f340a566fad9c4b884e5bcd343e435db723c91a65dab25c3af0f4d8f
Data/Video_IR/IR_DRONE_043_LABELS.mat,.mat,15898,97718fabf84d4ff6e50fb6377f5acf418663e5acd5bcf6dcda954fed6c20b44a
Data/Video_IR/IR_DRONE_044.mp4,.mp4,29281,02d8488e31bc650e05f80cefff5c6f06ace7c99545553c516c6e52d5e1179ee3
Data/Video_IR/IR_DRONE_044_LABELS.mat,.mat,15196,a74a9e8ed8a5f1c2657a118949f0007018d6cde5abf6fb21c438844132a5300f
Data/Video_IR/IR_DRONE_045.mp4,.mp4,31282,b621b3dc83deb5a1e7365359f0f06aa16717ead34427aa4e05a7e752f09c6697
Data/Video_IR/IR_DRONE_045_LABELS.mat,.mat,15706,9b691d3f7454f9f1499739d17364eea994cb51dae1b2877e8b7a5dfb360098d4
Data/Video_IR/IR_DRONE_046.mp4,.mp4,24487,f63b2a7fae212dabe45d23f48aad403c360cfa8df50952093d0a287b2132753c
Data/Video_IR/IR_DRONE_046_LABELS.mat,.mat,14903,d40b4ac960328b39fd22f6b9b6b1d271f22dfaaa29121e9e96e9f7600b706d50
Data/Video_IR/IR_DRONE_047.mp4,.mp4,27784,41529cfec01f6ed7eff53c2a84de1520fe52cd3e1b09563bc8bb536709952b0e
Data/Video_IR/IR_DRONE_047_LABELS.mat,.mat,16069,8b33543b1c061db7d9e70c30f08492bc52836334ae3a5f729fe8ea1753cd5c13
Data/Video_IR/IR_DRONE_048.mp4,.mp4,36376,4dce87c05ea8cd0e086a853ade4c96cdad1108cd5371cf45eace52b5a71df2e6
Data/Video_IR/IR_DRONE_048_LABELS.mat,.mat,15864,2a285e4a3370474e1fc3194031911bc56086d64120ce5e89ebcadb434464c443
Data/Video_IR/IR_DRONE_049.mp4,.mp4,23142,ba3b8503ec8e1a85bcc30bd4d0f39721a385c70524b8dd7b554db55de9596175
Data/Video_IR/IR_DRONE_049_LABELS.mat,.mat,14513,fb62f0dbee300d3db2122c57a32f162ed51cd1297ec78689588cbd653c781f62
Data/Video_IR/IR_DRONE_050.mp4,.mp4,26537,4668374b0805b4e5b158e52e0877506bdee5279943e968a8732bb2dab7092578
Data/Video_IR/IR_DRONE_050_LABELS.mat,.mat,16168,f1b78db8eeac50eba9a44e9d5860f52f09c06d1531dd82b6205ac475c9bddb37
Data/Video_IR/IR_DRONE_051.mp4,.mp4,27439,4ac72e627b8dca9f3a822f1338e3ba5b2546e2655622513fc6243ea4320dd018
Data/Video_IR/IR_DRONE_051_LABELS.mat,.mat,15289,bfa293a263703c0d9662287376222e71f36daa7e31621c1a623567ef88f5a777
Data/Video_IR/IR_DRONE_052.mp4,.mp4,25723,f20d0481039075c800a2a3a68fec9176f6a830f2a74eed8d861da4ca500660ac
Data/Video_IR/IR_DRONE_052_LABELS.mat,.mat,16095,7df74de1ae650d6d4205f93e320c3102d0c9848c5e898aceb38bd257478d96a1
Data/Video_IR/IR_DRONE_053.mp4,.mp4,25846,c89fe8baf77e8f7c5550119f004dc822d82fe0518993ff207d71a2273fda964a
Data/Video_IR/IR_DRONE_053_LABELS.mat,.mat,14959,620006c3c6a3968bac55c6369ec33455e320772e43019ad84c65314f3eb1c4aa
Data/Video_IR/IR_DRONE_054.mp4,.mp4,23016,de7db293d7a4f318c807d5b3134bfc63c7063471825cf6075892149e1306149e
Data/Video_IR/IR_DRONE_054_LABELS.mat,.mat,14834,3bd50a526c74115aeb7ee9fa151df1e6ef18aaf2fd633f0ac5cc4aba7d1c8d82
Data/Video_IR/IR_DRONE_055.mp4,.mp4,23293,17e6fbfd81beb191824dd9d5cd5ebf080c7dfb809e59bbef2abbbd7abd2c90e5
Data/Video_IR/IR_DRONE_055_LABELS.mat,.mat,14987,4c0b3edb3bc5dcf5b7f953e7735094a95d64bd62af7216725c1eb06fa1eaec45
Data/Video_IR/IR_DRONE_056.mp4,.mp4,56158,14e00f96adffd36485c87f8773450efc02ddd8eb7acf5091a7f1baab44b133c4
Data/Video_IR/IR_DRONE_056_LABELS.mat,.mat,15149,29f19a10b011f5012f255c7531dcb65b4d7755fbd0c32e66ee6bd6d936424fa8
Data/Video_IR/IR_DRONE_057.mp4,.mp4,42317,1871a605e95a5e7925b739d0de26882127d3b1706299f388d661ef55d0e14980
Data/Video_IR/IR_DRONE_057_LABELS.mat,.mat,15691,064cf00a69e1187524d00287a745a240ab1ec1cf6d716ad020f2ad7522a00aae
Data/Video_IR/IR_DRONE_058.mp4,.mp4,39533,d85e10e9ee3f2617cdbc2fb3dcd52a9d313bc28b2d0e60b6e7805a7cdfd1366f
Data/Video_IR/IR_DRONE_058_LABELS.mat,.mat,15383,1c72ee8f104fee02cf1031455ea1e864ff85c6dad52a58f4260f0ca7a4576e67
Data/Video_IR/IR_DRONE_059.mp4,.mp4,40115,59364cc8d3a5aa2187b6f0d53d1e7ce4479450fa4e51f75896d31edd36724af2
Data/Video_IR/IR_DRONE_059_LABELS.mat,.mat,15553,c13023bc2620b7629b328da0fd8427074e7d449c3e96842d56f2c997872a83f7
Data/Video_IR/IR_DRONE_060.mp4,.mp4,40401,3cd3ebe3c19be806f6f00d82ebca1ac2e9e167922a199ee692785a530259719c
Data/Video_IR/IR_DRONE_060_LABELS.mat,.mat,13250,b7755293dcd77d602ecf1b9185360c28f7008e8e2ff39b1f04fe84987f037394
Data/Video_IR/IR_DRONE_061.mp4,.mp4,40096,503f53202dce648aedf3741c8e54c801a26a1ab8100291d6f03a26052dc1c51a
Data/Video_IR/IR_DRONE_061_LABELS.mat,.mat,15451,10f1fb04a2afc6c163a12b5e47c5ef05c3ac96f57e04a983202525ddbcd292a2
Data/Video_IR/IR_DRONE_062.mp4,.mp4,39149,a225b13b5f0d2ce1e12245de9039caee33f9d400fc3e3486d8792b6e458906a3
Data/Video_IR/IR_DRONE_062_LABELS.mat,.mat,15602,5ae18fec85c063a7e61bc7fd2031f0d54c13a68bf51d3818d1578a063a5933d7
Data/Video_IR/IR_DRONE_063.mp4,.mp4,45502,6197d914d0b82be245cd8471084f61d27de229f24a4d285c0a8772768a293b20
Data/Video_IR/IR_DRONE_063_LABELS.mat,.mat,15883,b7e5546daf9b5bb579989838950ca3becf5b2cac4e78516c0e4a312d5832179a
Data/Video_IR/IR_DRONE_064.mp4,.mp4,40924,f21ac76f7393614cad4afff972ab3525a412e146a934b9d6a5c9c2949e8c0e93
Data/Video_IR/IR_DRONE_064_LABELS.mat,.mat,15266,2fb2eb5e9e4b08b44d6b57f4ee7ff0feef51172fb85babd9d58818bb244df43f
Data/Video_IR/IR_DRONE_065.mp4,.mp4,41213,49a039b7c2d1883e57e29ea66e3017dca3db152608d6ef2893dda1b5d5782b8b
Data/Video_IR/IR_DRONE_065_LABELS.mat,.mat,15211,70061a0a3715a05dedc6bed3de9acb01607794c6c1d9cca6e57b1d1a16fa94c6
Data/Video_IR/IR_DRONE_066.mp4,.mp4,39659,d7f0e64fa5a902e7a791dc97785ee444f92f5a46f96b44d868ebece90ac7a0b0
Data/Video_IR/IR_DRONE_066_LABELS.mat,.mat,15063,f85bb0c27687e8575e1fca7eff1324afab32ecfc591c2eaf6c8dffd7ad8ce529
Data/Video_IR/IR_DRONE_067.mp4,.mp4,41927,7ad493da528b2dd768c6041481c2c7faed6ac2d66d71954d71cf0f5d51e8ce47
Data/Video_IR/IR_DRONE_067_LABELS.mat,.mat,14975,311408d531a1358f28b347eddc3647ae2e11441c9235f077c6e4a119678104b4
Data/Video_IR/IR_DRONE_068.mp4,.mp4,42190,875158e2b31915073e0f1a80f98228d7c95e51bc20629b7145925709df490260
Data/Video_IR/IR_DRONE_068_LABELS.mat,.mat,15404,858018be1936a5dc4f675698d84056eca7bdf9cd8c7c82e7904f8118022c9c4f
Data/Video_IR/IR_DRONE_069.mp4,.mp4,47118,c5430ce837c1d2a24739611a995db64afeea1dc85d409b4a566752926670cd38
Data/Video_IR/IR_DRONE_069_LABELS.mat,.mat,14829,5509b7a3d9ac6f8ba0cbdb71d5e23238ce869f09a84ead1d2ba4b7def65a76cb
Data/Video_IR/IR_DRONE_070.mp4,.mp4,45471,515fa8be9f1a7770bf7c7428e52a9727539d21ddc04787fd5a5d6d05fa979009
Data/Video_IR/IR_DRONE_070_LABELS.mat,.mat,15343,4d28b2c6c376932042a167d075c020357ef1a04f14a97a69934cf135d1222823
Data/Video_IR/IR_DRONE_071.mp4,.mp4,44003,77fb439fa4622b114252c6e04293ba9f8f9a9de24dd652f4c07fb23972d4400d
Data/Video_IR/IR_DRONE_071_LABELS.mat,.mat,15865,160381abbe7d4bd2ef6519d3e088e3a9584ca3c813bf33196e4f4eaf55386bb5
Data/Video_IR/IR_DRONE_072.mp4,.mp4,41083,6188326b73d71cf891e1b6c6ab012eb486c36e92fb6f9718cd5a579e419afdc4
Data/Video_IR/IR_DRONE_072_LABELS.mat,.mat,15679,df9c24271f92ad0f659f61010364f435f05c540ef6e08c88f60efc9a3a379c3c
Data/Video_IR/IR_DRONE_073.mp4,.mp4,43987,1a03edc3dd08386917f3e370fd7d976929623fa1bdf48d1f756568f129ae2d7b
Data/Video_IR/IR_DRONE_073_LABELS.mat,.mat,15700,28216a644a3ffe996320d79c6f3281ff1be3bb118a01d4ad5f37123d7e27ed9c
Data/Video_IR/IR_DRONE_074.mp4,.mp4,75315,1b9a006d9b9623c2153c37bed22887ab70737853f4be87061ca39761ce52aca6
Data/Video_IR/IR_DRONE_074_LABELS.mat,.mat,15716,2a0fd7155064a6cdad7b05a99b783003901b11e6a0bb42ea8fd9b21f52b9d556
Data/Video_IR/IR_DRONE_075.mp4,.mp4,47869,e4356f9d734b797ba679141b08d11740198eb09c284b91f85351a6a0d6495d1c
Data/Video_IR/IR_DRONE_075_LABELS.mat,.mat,14772,6c49a13d60329292006ffef4a969c783b730c46e49195d3b9d51a76b6a645625
Data/Video_IR/IR_DRONE_076.mp4,.mp4,46143,0428bcfae52d8654359b456fc8bd68a0261af51bdd004f69e3e69c5e9e4f9fab
Data/Video_IR/IR_DRONE_076_LABELS.mat,.mat,14993,b6b5baffa09365d7b4c63aef2ea566ab763cdc9f8b1fbf731f1d8edb7796c921
Data/Video_IR/IR_DRONE_077.mp4,.mp4,45429,0d897f5fc8f566a5f7efcdca23871af28647173056a7a32f1d5438eabf1fe713
Data/Video_IR/IR_DRONE_077_LABELS.mat,.mat,14867,f821dbbac2d8d170ba879bbd54a8bea7808e0f7313e952fa1b950ac256278ebc
Data/Video_IR/IR_DRONE_078.mp4,.mp4,43513,972ca970d2f6b013684a0e74381c1395b43c45db19d6899d44967cfc96f34a87
Data/Video_IR/IR_DRONE_078_LABELS.mat,.mat,15081,e6f971fdf1ac4f461e334796beec650cde3d1374215dfa040e36abedcbdb099e
Data/Video_IR/IR_DRONE_079.mp4,.mp4,48228,256a10b06df9b94f15a880fb587ffb44bed951ba19d44fe0e3fcdb3061f71760
Data/Video_IR/IR_DRONE_079_LABELS.mat,.mat,15861,83865c9dbfebd8b4b6649789e6aa707430ebf1a9ef8ed2548f979be75394bb07
Data/Video_IR/IR_DRONE_080.mp4,.mp4,45631,3699c9ca2687af2b0ed8d73f31281e20de6eb0ea95eb358e4f91a533111525bc
Data/Video_IR/IR_DRONE_080_LABELS.mat,.mat,15081,5484be6ab822ba9e2aaccdab04e4a3c13b06e8621e6bd5b9b1dfabcf065c9acd
Data/Video_IR/IR_DRONE_081.mp4,.mp4,45976,fa8b0b33739e58572ccd9e554a75563ba5cc3d92219178be73ae5011030939e8
Data/Video_IR/IR_DRONE_081_LABELS.mat,.mat,15427,5175e18783c16c8575bcf42170c87c41f682f99578472812c7e29525fd692247
Data/Video_IR/IR_DRONE_082.mp4,.mp4,43735,9946cfcceb8968ae29401f33f706e74682b3ecd1df1193f3523685bc28aa0ad7
Data/Video_IR/IR_DRONE_082_LABELS.mat,.mat,15141,a1f1d563c8670f280f6b503d760cb60acec396500874de4790d90747814b5454
Data/Video_IR/IR_DRONE_083.mp4,.mp4,45525,c9f9ea6b08afc71cd013a00275fc169c5e391f7fa2a6417af092c0208f6083b1
Data/Video_IR/IR_DRONE_083_LABELS.mat,.mat,15752,17bdb3ccbfbcc8ac7c59bfba305972d66cee63ad81013a2fbd1efd2f434868c9
Data/Video_IR/IR_DRONE_084.mp4,.mp4,46281,27b1ce38f683ebc897420410f172f331d89af4b298226da2b26ed2122b0c1758
Data/Video_IR/IR_DRONE_084_LABELS.mat,.mat,15985,bec52ac5c768bbd6146bcf9280371191f76cbf5a6ce6818402b6fa2a0e2a29af
Data/Video_IR/IR_DRONE_085.mp4,.mp4,49232,fbecf68a67597a8c8dd069b30aaac05fa661faab8833732e42f2902cdf771de3
Data/Video_IR/IR_DRONE_085_LABELS.mat,.mat,16013,6535e943e566f7d80a6217228c0129075a90c095f0d5e29fd7bd2b8f8f2f5bd2
Data/Video_IR/IR_DRONE_086.mp4,.mp4,46664,5b9550385172aebfba1e8d4d367adc4eea6116b56c5984b6eb31e8adffa4938f
Data/Video_IR/IR_DRONE_086_LABELS.mat,.mat,15299,ebe09fb784de7e208672ff7f5f2a74dd954326e3562ef6e7e73c6509b4412f0c
Data/Video_IR/IR_DRONE_087.mp4,.mp4,45364,fb6a077d678071228b461e93228ea5323da071726eb685d44124761eb8883f30
Data/Video_IR/IR_DRONE_087_LABELS.mat,.mat,15247,8dc4d56beacb17f3ad2662e21ccf11214a43b0239df04390dffaa70b190e04e1
Data/Video_IR/IR_DRONE_088.mp4,.mp4,44942,1de015bb6c239844320c9e95f983a9baae347f8ff9a39f69bfd18b4b9407606d
Data/Video_IR/IR_DRONE_088_LABELS.mat,.mat,16001,459b071040d61d31e6314be393378787d85111d85156b113d65984061ad6bc97
Data/Video_IR/IR_DRONE_089.mp4,.mp4,41240,3cf43797dc7e9b2e967a5fd55be0c679c3c492a35917190a291af12fe2028ea8
Data/Video_IR/IR_DRONE_089_LABELS.mat,.mat,14773,a5755a24fb8668b53394184834120f28b023472b132795c1f01c1e20ec186279
Data/Video_IR/IR_DRONE_090.mp4,.mp4,39652,20ae93a4447cb25e64f775e9f95f5c38bf546a3423680a98d09333e05630bc62
Data/Video_IR/IR_DRONE_090_LABELS.mat,.mat,15852,588c8f91b49847fea70987a8150cb96546a0b2224b1760f760bebc175a20877c
Data/Video_IR/IR_DRONE_091.mp4,.mp4,40860,74c3ee4364273030bae02f932e38b6e3acbb0865a11fb65213722868c555281f
Data/Video_IR/IR_DRONE_091_LABELS.mat,.mat,15148,f6445dc6494902dce503b389658cdb36e7a4a29fed91ab4f2c084f8332ecd988
Data/Video_IR/IR_DRONE_092.mp4,.mp4,40546,ab54bed7a5a59ba184918bfe5a05927fc1aa33462fc29ed10c3f243767dbb813
Data/Video_IR/IR_DRONE_092_LABELS.mat,.mat,15146,a097ba3843bffe1607262b03cc35865bbeeda7027a1480706b5fb0293c83e362
Data/Video_IR/IR_DRONE_093.mp4,.mp4,58256,ef7ac85bd5a1f0ed633eaab3ae339286da8410fe1671650f9f99bcdd4ba5694a
Data/Video_IR/IR_DRONE_093_LABELS.mat,.mat,16103,35a3a7386d8fab33f68844ca7001274b6a1c959f6dbedbde830e68428bb72be6
Data/Video_IR/IR_DRONE_094.mp4,.mp4,46377,5e619a1c739c7028a64c1b40c9a176c5674bbfb8d3df80a89584fd731844fb36
Data/Video_IR/IR_DRONE_094_LABELS.mat,.mat,14986,641705f57ebaa6c9e397fab6086277caa7c7aa1c9b4bc6ba74fb1e9019531fcb
Data/Video_IR/IR_DRONE_095.mp4,.mp4,53850,00fd1325107b01af25cc65e80176e9aa041b75ab79208a296d9bfbbc6eb23e5d
Data/Video_IR/IR_DRONE_095_LABELS.mat,.mat,15872,d66dde13dc34438d4636e9481fd8102d6238d62b2e0374c2816c5a7ffc3fad1f
Data/Video_IR/IR_DRONE_096.mp4,.mp4,43487,6a1005aef59cd42cfd2a89ffa76a7de0442f1cdcbf81a7405822656343e7f1d5
Data/Video_IR/IR_DRONE_096_LABELS.mat,.mat,15854,35146585c0ddd9367afdef827b737fa92c0e3fa5e74599a0a878d98245371cf2
Data/Video_IR/IR_DRONE_097.mp4,.mp4,39443,38c2881167c235d5c14d751f8d0c050ea62d3caf2defbd6df41e9251f1a4ba79
Data/Video_IR/IR_DRONE_097_LABELS.mat,.mat,14349,ef83ff4bab2d1d6fff9c8ba51dfbb968bd873506cf0a3b9bedaf1eba6c2aa635
Data/Video_IR/IR_DRONE_098.mp4,.mp4,37632,879981a10fdcba90741e2c4ad6f4e00fe89338db8416116c7438c46b2551ad3d
Data/Video_IR/IR_DRONE_098_LABELS.mat,.mat,14882,007151d051b4a02029fd69175e3fa06e21a94c897f5cf2aedd92a9abcbe2842c
Data/Video_IR/IR_DRONE_099.mp4,.mp4,39234,900cf1eddee675a4daffeef1b099a11402f8b916aa865ad274817dd81a122b94
Data/Video_IR/IR_DRONE_099_LABELS.mat,.mat,14980,0a5af3c14642e246fbc4745268f996df146510af007a4565be92f9eebba3b1ae
Data/Video_IR/IR_DRONE_100.mp4,.mp4,51056,650399099b92b9541f3b2af4ec525b2708074b1a76b6f6a8c5968ba6186f576d
Data/Video_IR/IR_DRONE_100_LABELS.mat,.mat,15191,e559ab9eb31b24b2eb85482c72e6f1f893e71b43a77d298f817c574c1f8f73ac
Data/Video_IR/IR_DRONE_101.mp4,.mp4,46472,0b9fafdcf59496d693f325c08b3ae1281e4bf335f68c1ac029ff55c35411d9c2
Data/Video_IR/IR_DRONE_101_LABELS.mat,.mat,15829,136d6fa338153abef782f3b8839d694b09dc4b67a501195884eba8d4e4a6ca12
Data/Video_IR/IR_DRONE_102.mp4,.mp4,41267,9960f39eac243ef38dcba0e0f28f3aa23966038a6f898848f75bd7be9c859740
Data/Video_IR/IR_DRONE_102_LABELS.mat,.mat,15124,0e237b8db2543ffc2b4feb3ea46eb00a1126c5a27bd03101f28c2dfa0448ee8c
Data/Video_IR/IR_DRONE_103.mp4,.mp4,37579,dab7f7189a540ce5f35fe226f3d9fa516b89e381d888a571c8d3164062db2d9f
Data/Video_IR/IR_DRONE_103_LABELS.mat,.mat,14874,053c13d059773fc4e9f3945e9464b40747e63e9002a2e3b5b740c7bd71bab293
Data/Video_IR/IR_DRONE_104.mp4,.mp4,39477,34f4c2c2214c7423f1ed8a2582665e114c36b58698be93f13beb42b9fcbf5ba6
Data/Video_IR/IR_DRONE_104_LABELS.mat,.mat,15693,295b8ed3144f67c04d7bfdde4f7152c5f0c0bba3d0a6fff7c637fa6ad4d2fbab
Data/Video_IR/IR_DRONE_105.mp4,.mp4,44795,8ff948ff4b03cb172f377d6f9c31a2167a65ea29ec043ef7a1a24b702e454733
Data/Video_IR/IR_DRONE_105_LABELS.mat,.mat,16129,bc5ad6f7f0803b0d4b1b4eeb9cdaca423e3ce20dd1eeceb3f6036c15a8972d8e
Data/Video_IR/IR_DRONE_106.mp4,.mp4,37681,52555074722d592ba7e8a15b3085e8cfbbdf50bcc297aa853c8487512c09c974
Data/Video_IR/IR_DRONE_106_LABELS.mat,.mat,15512,be661f0a22ffcea2c9ba96250f9f776344c6e196b976311aa5551f3d3281ffa3
Data/Video_IR/IR_DRONE_107.mp4,.mp4,38678,76aa06f58628e5e0346d89b6e610fe3e06e86c5fac3fdc7b3c87d9cb3c8475aa
Data/Video_IR/IR_DRONE_107_LABELS.mat,.mat,15707,3cc0e14f8fc6d6c77254d2a407191ca5f73cd29defdbd156b428f24817c67e68
Data/Video_IR/IR_DRONE_108.mp4,.mp4,44825,f50fd8b68b13772ada0aee79198464b3444f53ebf2912cc47b26cb11a6f16a1a
Data/Video_IR/IR_DRONE_108_LABELS.mat,.mat,15288,7f9d15e386249ef82b9b95a825130a3ce78413a23350fa511a381550cd1ab00f
Data/Video_IR/IR_DRONE_109.mp4,.mp4,58767,b6c8a692f423f0b856b237551800648fdcf1059a54a8a09dc70fe4ff23676171
Data/Video_IR/IR_DRONE_109_LABELS.mat,.mat,14954,4b007b8f72914645a3ee6eb314759d363fdf95f552c2979ce4588ceb40546617
Data/Video_IR/IR_DRONE_110.mp4,.mp4,53231,7f42985279b62cd16b32958dbb8b7b6cb2a08399138af2b0014706d868382a88
Data/Video_IR/IR_DRONE_110_LABELS.mat,.mat,16027,be4221adb47c7aa79c98ad084bf44abcdb8b9e43bfd6a97c1d23a5377836aaad
Data/Video_IR/IR_DRONE_111.mp4,.mp4,44189,4dc03d79016674256a38e028c8e440922e87aa94109ebc770dfb06cfa7e04e01
Data/Video_IR/IR_DRONE_111_LABELS.mat,.mat,15072,11c50293f7f45a6e062d18d1beff663be5f7dac072539b613aa313b559a3f805
Data/Video_IR/IR_DRONE_112.mp4,.mp4,44768,02315ccd24a9970876678502b7280dd2b63bd5fb591ddb4810d912735143b777
Data/Video_IR/IR_DRONE_112_LABELS.mat,.mat,15156,897ee491b722de8f8102a734057199a37f716b322ba7e7e41d192961ebd9a875
Data/Video_IR/IR_DRONE_113.mp4,.mp4,46362,63b7594626dc53fd8c123bd7328bc82eb2b9a90b1841d2312c5666e481c2d68d
Data/Video_IR/IR_DRONE_113_LABELS.mat,.mat,16042,8c6b184e696a759906e5cae5c042c50a4d39d9064d317391a6f2fbf83d3f7c90
Data/Video_IR/IR_DRONE_114.mp4,.mp4,43768,45e2baf143428e235f3ad6430dbd612da3c83dfc695e35877455737592e1941c
Data/Video_IR/IR_DRONE_114_LABELS.mat,.mat,15751,fa57770f1fd5db9944e8221f1c586c668d0342753831e43e7e4a8e0540c38a41
Data/Video_IR/IR_DRONE_115.mp4,.mp4,50657,4150dfd8361fe5395be442592b2dfecbb149e868d6d1647f1f5082103391bef0
Data/Video_IR/IR_DRONE_115_LABELS.mat,.mat,15038,77994479a3903d32d20b4bf827ce49734d705cd517b34b5b76d0b14b7a68d58c
Data/Video_IR/IR_DRONE_116.mp4,.mp4,41902,2eeab7068377d035dd856c42e88327eb479afcecc41f4e2962680eabd29abe75
Data/Video_IR/IR_DRONE_116_LABELS.mat,.mat,14818,ba1bd228d04bf9e8be5023ff9cd335ebc651e0398d58370c82ab4a135a541025
Data/Video_IR/IR_DRONE_117.mp4,.mp4,43399,58e79dbdcfc4c489a8c99c224eb29411b73e9353d8dd89aea7c29096af836308
Data/Video_IR/IR_DRONE_117_LABELS.mat,.mat,15066,9c58a462b4263adfd85b8f1fe0bc75eba8627e748509af4f06615cda11636445
Data/Video_IR/IR_DRONE_118.mp4,.mp4,53302,874136233eb46d4a7b1716871b432c537a4ccfc5aa67a4dea4daba8bdd8357ee
Data/Video_IR/IR_DRONE_118_LABELS.mat,.mat,15210,cae31300a0e52808d8f34cb4dc05a907c7b5d26dcb8d6d1f7beba87a079d88c8
Data/Video_IR/IR_DRONE_119.mp4,.mp4,51414,51ea27dfcb0a5dc672c13255ed4e723833d244a91da1ec81aeb20b86f0daaab1
Data/Video_IR/IR_DRONE_119_LABELS.mat,.mat,15580,0922bab13fd959dd4d2afe36c7c918fed96179c5c6264ff8b671d199d82f477f
Data/Video_IR/IR_DRONE_120.mp4,.mp4,59759,59d74e82b400e35d80d49c6b54e4585b6967b059138592f0edb318d80046ad94
Data/Video_IR/IR_DRONE_120_LABELS.mat,.mat,15904,9e34eb35c7e3eb92fafbd1ea2ec8bb5ad59df14992abb5a2903eb5f31e7ddfe5
Data/Video_IR/IR_DRONE_121.mp4,.mp4,52372,6bf55fc153510f616c918fb788c78cfb40df86f0f45bc4d54753eb8f12d1f424
Data/Video_IR/IR_DRONE_121_LABELS.mat,.mat,15001,57261b766b71c4ba3b28c4ee892d6a8e7f61fde96518dd42d4ed251f64537489
Data/Video_IR/IR_DRONE_122.mp4,.mp4,44793,d106d3f08ceb2730de899a110399d8728ebde8684732bf7f9c6b73e5830a5133
Data/Video_IR/IR_DRONE_122_LABELS.mat,.mat,15101,56dedb9184d8ec5a7a7ac98b0003b4c3d68153b2cae7a345fc74c11a9130dbbd
Data/Video_IR/IR_DRONE_123.mp4,.mp4,45878,df3b833d87c5d10e49472b2e5373c1d1d21574fac4fd3b1e24256fe53353e4d1
Data/Video_IR/IR_DRONE_123_LABELS.mat,.mat,15832,cacd28d2dba07990cb00834293b1143c5da78f308c144f88a3a2af9e6ae3fe47
Data/Video_IR/IR_DRONE_124.mp4,.mp4,41379,100cd4b3f53ccd7f1982cf92a364888d282a2a6f4f4b01b445184a82824808f8
Data/Video_IR/IR_DRONE_124_LABELS.mat,.mat,15551,f706f4d6643f02c30654a8f350841b24f9a0b022ad47a6485da30d7aaf8ce58e
Data/Video_IR/IR_DRONE_125.mp4,.mp4,40831,af7c34ad27b67bf2ff5b38e1dae27dd26159985dcce9903790da7d59280ae119
Data/Video_IR/IR_DRONE_125_LABELS.mat,.mat,15165,cde34b57cc55e1e9d5766d63d24d22cbe54ac897ad4401adbec96738696d3b2f
Data/Video_IR/IR_DRONE_126.mp4,.mp4,43117,654b59f94c526149f18c1a752afcaa1d15c0b075f65d4b971c0358d7243f5e0c
Data/Video_IR/IR_DRONE_126_LABELS.mat,.mat,15208,f17bedd14f14d056594874193b7712f22c5f5f87d8ad5940ea289c25f2b52009
Data/Video_IR/IR_DRONE_127.mp4,.mp4,44365,df05b8b675c10a3c63e350c6b68c2c0ed608929809fa86287c0242db27d882ed
Data/Video_IR/IR_DRONE_127_LABELS.mat,.mat,15536,aeec9487007506d0743b071dae6c2c522d08650bc695f7ac4c96092ad05bfff0
Data/Video_IR/IR_DRONE_128.mp4,.mp4,62117,a7adad9411a36e8afc5bc9bb35780a2bb6148617a019d1546bc1c84c6b178e51
Data/Video_IR/IR_DRONE_128_LABELS.mat,.mat,15555,4e3194245e29dc24512c56476c99392bfd5543b386a3abb5b1f54a73abc99a9b
Data/Video_IR/IR_DRONE_129.mp4,.mp4,57006,9bffd141a21f2ab1f861f3e14864dba2ee09ef9414614fcac5ec18cba53f3822
Data/Video_IR/IR_DRONE_129_LABELS.mat,.mat,15999,aefb94508e09718df063e84af03b9d43fb84aa6342c6e2a0e70e8be672bcf4de
Data/Video_IR/IR_DRONE_130.mp4,.mp4,49949,ac65a892b45fafb8c00edb94e67a6b28edb626c2a09ba40a6119f4586d8f9860
Data/Video_IR/IR_DRONE_130_LABELS.mat,.mat,15692,6dcaed7413dd5bac287fba35053282c1a9fea2a4030bee9b686434fe0cd7800f
Data/Video_IR/IR_DRONE_131.mp4,.mp4,46981,4b370166bb11a4e0432bd9b8d106b875ed137113990da91b690d27cb547f4ce4
Data/Video_IR/IR_DRONE_131_LABELS.mat,.mat,15014,23a09b2b75b381282fc9d20c12d31231211331f849ad44ce26cbc0122fa25557
Data/Video_IR/IR_DRONE_132.mp4,.mp4,47078,aca9f001a4a194dae0aabcfbff2d52e5a0d305fca550501e9a6fd484a02ecbf2
Data/Video_IR/IR_DRONE_132_LABELS.mat,.mat,16137,caa3bcabb62b6eaeca699e667974d4b30b843cca2d91ba0707528629e40d739d
Data/Video_IR/IR_DRONE_133.mp4,.mp4,43570,1755ad87cc1669b23d87a491ee0052f8b85504d9f8672944ae7084dccbdba10e
Data/Video_IR/IR_DRONE_133_LABELS.mat,.mat,15121,2788c65e5053bc97750e01528b1c2b4f3395542388ef8b92281ba675e6872a9e
Data/Video_IR/IR_DRONE_134.mp4,.mp4,42641,52bcf9af34cbe053b5d16119d262d21a85f098f5e824f81ed7d66b7472a942b4
Data/Video_IR/IR_DRONE_134_LABELS.mat,.mat,15041,12913f864b6ec0344f85a447eb7b9c4f16b56ea2ecac85ccfca3703919806d93
Data/Video_IR/IR_DRONE_135.mp4,.mp4,41674,a3fbe3193dae0dbb83a2e713f77cd22af6c99a129c2fc4b031032a0ee7892333
Data/Video_IR/IR_DRONE_135_LABELS.mat,.mat,15771,d169cef4fcdf5d47a4ac5ee06f330b7c9a9b9d47857115d9f0ddb9d3f7983bec
Data/Video_IR/IR_DRONE_136.mp4,.mp4,45001,9dc68c461eefc39e0beef7ae005452b73d3835237d52d9d6543b8d8eb3d46aa8
Data/Video_IR/IR_DRONE_136_LABELS.mat,.mat,15331,72e2ab13f22c0f69be142decb9fde2888af184543aa55481252b3cccdc90b1db
Data/Video_IR/IR_DRONE_137.mp4,.mp4,62576,2212a5c0ed2a4deec2b932f6a8cd460db32a94ea86f46de76faadfa4de4bb916
Data/Video_IR/IR_DRONE_137_LABELS.mat,.mat,15232,716b45f647924b6ab11bbc3cf7556105b31258b3e7b83ab4b84c1ca9a5b6cef3
Data/Video_IR/IR_DRONE_138.mp4,.mp4,83276,231ddcc50b8619d519f8a4407e7203af7db66adbbcda98390610f151e3812a6a
Data/Video_IR/IR_DRONE_138_LABELS.mat,.mat,15113,4547076cdd65fe87f0c6429a2275d86c3097c04a97b0e1871e8c69508dea0739
Data/Video_IR/IR_DRONE_139.mp4,.mp4,87840,9eda1c22d9f92c45bc800fca71ad7cc72de9769dda674f1c560df8d8faa839e8
Data/Video_IR/IR_DRONE_139_LABELS.mat,.mat,14620,adbb5d15a2407e691e9e732842552195bf60f44b321cca66543ed6b97a893143
Data/Video_IR/IR_DRONE_140.mp4,.mp4,76505,41ff9b4044968ac3b07f981b446f200f7979664a6fbc4ca8a5e705ea3cd89e11
Data/Video_IR/IR_DRONE_140_LABELS.mat,.mat,14307,7691d1b68b25f80fada1bdc85da0e6ab950e2be0bdef714eba5d2c7c25f27fe1
Data/Video_IR/IR_DRONE_141.mp4,.mp4,80586,421687cd45a7b4706527518bedb0f7f3423331f59822bc67dc281cf198c1487f
Data/Video_IR/IR_DRONE_141_LABELS.mat,.mat,14909,322c1050ef06142a5aad74d77c5966584a3e39744a375637e6fc06833759fd32
Data/Video_IR/IR_DRONE_142.mp4,.mp4,75792,021589e229ce4927bb2af0559ec868992397fdae1d5858709fc6868eea1b2283
Data/Video_IR/IR_DRONE_142_LABELS.mat,.mat,16319,35d36576eea0c298c868f5d9363af10e50014521abd21db720258d7c076d706d
Data/Video_IR/IR_DRONE_143.mp4,.mp4,83264,3adfae8c44131803334c48057c70658a6c8fe667807b5c4eef276753d635c814
Data/Video_IR/IR_DRONE_143_LABELS.mat,.mat,20992,336872add474001ebd5e2b9e85d5efc4f0b4329dd0194389feafbf00ddd570d3
Data/Video_IR/IR_DRONE_144.mp4,.mp4,94495,5eb3ed89c9fa9efd190847493a2a3b8a59b92c35d59681f56d714010cc45ea4e
Data/Video_IR/IR_DRONE_144_LABELS.mat,.mat,21920,dd3cdf41b460dfbb2e39b72bf1a3d23401f8e2f6824327189c0e8ef0c8c628c2
Data/Video_IR/IR_DRONE_145.mp4,.mp4,78633,8f30ed37eaa38fb540d75716aca215912296644363aebc48d5ece53aee6a2e54
Data/Video_IR/IR_DRONE_145_LABELS.mat,.mat,20729,03650eb1f989f1f8a10869a1df66095a8409853eb936ab9083dc847c1d70fee6
Data/Video_IR/IR_DRONE_146.mp4,.mp4,76679,d735e58720d3a79bdccfcf225b1f3e2339b2865fea6d6b5d9e527133e69a21fe
Data/Video_IR/IR_DRONE_146_LABELS.mat,.mat,20582,474a7b9c102598808a8ce4565901ddf4b85077780dcb97995f94b509a6df4a3a
Data/Video_IR/IR_DRONE_147.mp4,.mp4,87490,7501a86042931fcd65478b5ea451927bd151de1b8d0592c03c77f433e0e30b97
Data/Video_IR/IR_DRONE_147_LABELS.mat,.mat,21339,0ac254484307d2afdb6bd64a65cabd9d092a4ea4c2d200e18c4b298c84561eff
Data/Video_IR/IR_DRONE_148.mp4,.mp4,75517,1572ffab2fbdef7e5b662e860dff6efbd3bb2f3c84530b139cffe20fb8010161
Data/Video_IR/IR_DRONE_148_LABELS.mat,.mat,15005,822e2f5343e59162499360661b3966af0ff5b74276dd8faaa7199877a1da8ca5
Data/Video_IR/IR_DRONE_149.mp4,.mp4,72831,9a1fdb1a87110a4ccb820b125b3ebf8c030281c8c93720e7db0161833135e096
Data/Video_IR/IR_DRONE_149_LABELS.mat,.mat,14837,bb4e66d7366d2bf9b40c3d7890e824fc8a01e5aa701bbe427de863a95fd61297
Data/Video_IR/IR_DRONE_150.mp4,.mp4,76040,ecff6b6b26d58adeab9d0fce913ebb1f542a71284bf74f6f1f34d928ef3b3cda
Data/Video_IR/IR_DRONE_150_LABELS.mat,.mat,14974,146ff35480676e4b6c8f92f76611c71ba95851a7c1a43b5adb10c033003c2ea6
Data/Video_IR/IR_DRONE_151.mp4,.mp4,60832,dfac27efcb188173b004b02022296b6da9f6bbdbcb07fdde781ad43d2606c17f
Data/Video_IR/IR_DRONE_151_LABELS.mat,.mat,16123,63ae35acd9a624ff89530c9d1cb3a5f80c0a0981402d37c88a74fae97ec23b00
Data/Video_IR/IR_DRONE_152.mp4,.mp4,64981,bad3c95d449076ecb8ee053a2332b27e7bfde4f3c67f370ae914946da7e62874
Data/Video_IR/IR_DRONE_152_LABELS.mat,.mat,15049,1200a9a1d3c3eda9d1dc7a7bc7a8086b546bcfb0116c7059e7865879e9c9a504
Data/Video_IR/IR_DRONE_153.mp4,.mp4,64068,e250177046a4a040c922a0a5e6093cee6cda224bcd5531ab51be22c007e29015
Data/Video_IR/IR_DRONE_153_LABELS.mat,.mat,15985,1b28891a261bba70d2406f42247e84c416e3adb6c204076c72567767751acaed
Data/Video_IR/IR_DRONE_154.mp4,.mp4,72012,f68039c7a958d856221ce297819df381326d6f53d2ed774870e0f34bb684b52d
Data/Video_IR/IR_DRONE_154_LABELS.mat,.mat,15547,7255053184c8ce481db971cd4da8e912324180b87e56aa54ab2d2889eb72efc2
Data/Video_IR/IR_DRONE_155.mp4,.mp4,69121,a225bf986eb5c83b12e535db2d444e9fbe3df5c96d76f2670cc7b2138f9977a2
Data/Video_IR/IR_DRONE_155_LABELS.mat,.mat,16089,54931b45f574104875171e65d646c80e45b36a54515776da7518ebec47fecf0a
Data/Video_IR/IR_DRONE_156.mp4,.mp4,68676,3b0d6f0afdb3d0d280473536ccdcde346f99b5bf00757ac51eb7bd850ae29108
Data/Video_IR/IR_DRONE_156_LABELS.mat,.mat,16725,ca25a80e9c45a9ffaa0b2c5f4efb9c061d4363be7d5835d9d36d9e30eee3d85d
Data/Video_IR/IR_DRONE_157.mp4,.mp4,253743,66ba87fd4fc0b71e1a838b1f362911acab57ad78cd4f2d9c1460f9eee2daccdf
Data/Video_IR/IR_DRONE_157_LABELS.mat,.mat,15699,d5fefa23748ce665e45b977b07c59c6633d8088a24e44e4bd4cd7902b7ecf040
Data/Video_IR/IR_HELICOPTER_001.mp4,.mp4,169213,ad421197588057c4a1f5f4cbdf6b15f30b09f61c96d9501591c19940c7c7f63a
Data/Video_IR/IR_HELICOPTER_001_LABELS.mat,.mat,14978,45bcee5bf7eef0172dadb38d9abe0356d6caacc04a498ab03596f408989d6fd5
Data/Video_IR/IR_HELICOPTER_002.mp4,.mp4,360067,1532aee1695676f17eb15daab1135a82adac6e1e1eb1393272b8b7a14b31f1d0
Data/Video_IR/IR_HELICOPTER_002_LABELS.mat,.mat,15723,ccf4c665b4a0d7bb5012bae61153077809bf83593a2bbf422703fc6e213b136d
Data/Video_IR/IR_HELICOPTER_003.mp4,.mp4,322946,6900dede3dc616ce1a003343737d3fdc89cd92add158f2ba619bb352f03834d8
Data/Video_IR/IR_HELICOPTER_003_LABELS.mat,.mat,15185,3a034b4837260870f6b5f3f8c861063411636fa26fa7fb664572b2f60a7b0076
Data/Video_IR/IR_HELICOPTER_004.mp4,.mp4,1143482,8f4c92430180e40e5cbe8d920bfa4a578c53b6123048a67233ce816bae223f7e
Data/Video_IR/IR_HELICOPTER_004_LABELS.mat,.mat,11806,8e1e31d034e7591b7cfde2e85954ab8807135e7b139bed1ef70b03b04ae5ed01
Data/Video_IR/IR_HELICOPTER_005.mp4,.mp4,477255,1718b0ccad95fc3a618a1c3be9f1772b3d3c24a1536aec9f9a062e580e083340
Data/Video_IR/IR_HELICOPTER_005_LABELS.mat,.mat,13500,12880792972a6f6347abd3ed60bc9c2a8b01efb4edc64b8d74a1e59b5a0078e0
Data/Video_IR/IR_HELICOPTER_006.mp4,.mp4,99374,44446bb92d2ce76d0a8c84626ec8743f6dd21d658581dedc6a43daca72827a85
Data/Video_IR/IR_HELICOPTER_006_LABELS.mat,.mat,14807,bdeb112aa07ff185ed38dbdbddd63ed8d4d7baf650e773825a833e830ea46d5c
Data/Video_IR/IR_HELICOPTER_007.mp4,.mp4,51999,19dde335a189640848841748904819ffe8e2a28d8407a53e5dff103766e07a1a
Data/Video_IR/IR_HELICOPTER_007_LABELS.mat,.mat,14455,01bb1ede64cd06efc984cdb102681dba1db7a191370e735a54d2c6c8f2d765ba
Data/Video_IR/IR_HELICOPTER_008.mp4,.mp4,23410,e08a7ff0593ae6eabe65b03734dfb9c90b04478e3e94fb92f07cb4fe0c42d890
Data/Video_IR/IR_HELICOPTER_008_LABELS.mat,.mat,14714,3b529787f547be2810f888521a9db6dcdf0640df193e5ae18edbec11ad4e5d91
Data/Video_IR/IR_HELICOPTER_009.mp4,.mp4,62439,65d24e9938bf0c9914de2a62eadd0e5eacf4dccf2d3b9b976c5cbfb1b84238b9
Data/Video_IR/IR_HELICOPTER_009_LABELS.mat,.mat,14633,95a235f049257bf11a157543bee70c69fe9b646004ede2213710940ac26e7786
Data/Video_IR/IR_HELICOPTER_010.mp4,.mp4,21202,22f4d3290e6c1615e22223d6a85fea6f5c1a2d424061fdddded6a0930df7a401
Data/Video_IR/IR_HELICOPTER_010_LABELS.mat,.mat,14245,03c4ecb2547a1812eb04d650ad6955cf86b3b69dcb4158035a07f3f65799e0ab
Data/Video_IR/IR_HELICOPTER_011.mp4,.mp4,22789,a44cb710adb5c0fbbc269e0cdf71fa1c806998dd44044189d6abde3112268537
Data/Video_IR/IR_HELICOPTER_011_LABELS.mat,.mat,14322,fecec57f013b869dd59dd83973189cb76e212d7503ae9c9e00df07c3df11fa9a
Data/Video_IR/IR_HELICOPTER_012.mp4,.mp4,22754,c3de33c8f701dc6704149901b4dd48ba5f705ee2d308363fe7b0b865e1d41694
Data/Video_IR/IR_HELICOPTER_012_LABELS.mat,.mat,14321,0b2a678ba8075526590c9aa28d01453e966a36cb4c789d2cf4630229f9e5c430
Data/Video_IR/IR_HELICOPTER_013.mp4,.mp4,66228,47c7097f012d884f00e8fe77570874dac0d8a85737f3337c594d6bfad6cf30e1
Data/Video_IR/IR_HELICOPTER_013_LABELS.mat,.mat,14236,602fb4fd90d64b2a4a835cae6cf05b5e88a9847592772ade3302a14d3e09b0b3
Data/Video_IR/IR_HELICOPTER_014.mp4,.mp4,67036,57cbd1de447af32ac2d14c6d316e2d7349a52a1dae715bf10dd77eaf75795a8d
Data/Video_IR/IR_HELICOPTER_014_LABELS.mat,.mat,14630,44cd0565be67f0947502bdf5d1984a2a82967e29674fe9eba566f3b5b5120dfb
Data/Video_IR/IR_HELICOPTER_015.mp4,.mp4,51323,2e22b948024085263749d11f31c36bab3b85580399ba7f19c7b7f060ea804300
Data/Video_IR/IR_HELICOPTER_015_LABELS.mat,.mat,14540,f8ecbfaa7c4ab2560a338e9658091de2b30d3b680dc652854a9ca6c15aa9ab63
Data/Video_IR/IR_HELICOPTER_016.mp4,.mp4,29634,587feb1499b7b9970821a1b5875434a9840c622ecb0895a51cc6da680b03893b
Data/Video_IR/IR_HELICOPTER_016_LABELS.mat,.mat,13415,c4b1a2df7580d6a9f83c5e02c30530fe2fb640cef9fa92fc1377dbff678dfafc
Data/Video_IR/IR_HELICOPTER_017.mp4,.mp4,25260,bb39bff700d80d9004ba05bdf6357f93fe39a3da2302db12bc491ce76ac72bb9
Data/Video_IR/IR_HELICOPTER_017_LABELS.mat,.mat,13025,9a21b94e53ab5e26ce3e1e86a2242353054d165fb2e54b79cdc1ec4c95cceb43
Data/Video_IR/IR_HELICOPTER_018.mp4,.mp4,27009,81323944ef68d24f007f326dd2390b2cb241d040da366891df108af6a96d9be3
Data/Video_IR/IR_HELICOPTER_018_LABELS.mat,.mat,13811,0ea7f2b63d770a7a8e4fd25cfdd36328a2a11a592c894d3dcba681c8e79ca756
Data/Video_IR/IR_HELICOPTER_019.mp4,.mp4,25449,09a651bca0170652000600c268fef4c29db87eb8f2f67f39fbc125c0a0dcef21
Data/Video_IR/IR_HELICOPTER_019_LABELS.mat,.mat,13650,5fc5689e3e4b4da8eddc110fe20298f6a1469959637e7ac9da63c69ca0a120e5
Data/Video_IR/IR_HELICOPTER_020.mp4,.mp4,24977,aa1477a8144c1e7c4854e8447864237f7940ee375234c0dde831ba3e77378052
Data/Video_IR/IR_HELICOPTER_020_LABELS.mat,.mat,13462,7bd308b6a285af6888b8d81cc537ba02284918ffcff2d78ff92b8e02ccea40ea
Data/Video_IR/IR_HELICOPTER_021.mp4,.mp4,35765,e8ab32fd7c03c31085920b65099a14c7e9c88d35dab71d33e1c63bd1a9cc4945
Data/Video_IR/IR_HELICOPTER_021_LABELS.mat,.mat,14460,c1e17d2b58cdd7c7eda5c340c5561ef52e09efd24c06bd7609a3e208ef0886c6
Data/Video_IR/IR_HELICOPTER_022.mp4,.mp4,233936,4f10d553cf1f96307462a02a9f77ffbd906ba481372d122a9ced62e4b3a03241
Data/Video_IR/IR_HELICOPTER_022_LABELS.mat,.mat,13578,6747d2ac7de2763fd11d8e5d844375c0ad1dc68281f87b445909850e44e5582c
Data/Video_IR/IR_HELICOPTER_023.mp4,.mp4,120112,fa2c4420a5fa4beed2ef6e902efae1c9ddf62ddbd61e1fa256566b3d6bb1382d
Data/Video_IR/IR_HELICOPTER_023_LABELS.mat,.mat,14612,28757f3ce5252a9e80f2a7cec9f21da51161ab50e6c2bf0ef79602207ff70c6c
Data/Video_IR/IR_HELICOPTER_024.mp4,.mp4,163524,e8650c04d0df3a9ad14ac454b8caae9d9472589618d628b6c66676b68186e783
Data/Video_IR/IR_HELICOPTER_024_LABELS.mat,.mat,12644,9f96e9b1a1e78c0892a66d51782213505868152a648073758ac9988472d27ef8
Data/Video_IR/IR_HELICOPTER_025.mp4,.mp4,190875,0c283506653029d217d98564a501868b07d1f04fd9a3004ba2c9c153030d7015
Data/Video_IR/IR_HELICOPTER_025_LABELS.mat,.mat,15011,50cce137b9bd03ec485a38894df80072f503683ed209f7a8dc907836cccdb98b
Data/Video_IR/IR_HELICOPTER_026.mp4,.mp4,259838,040349f5940418eeb9da95d028ed7f1e773503ac996eac214785e857d1e63025
Data/Video_IR/IR_HELICOPTER_026_LABELS.mat,.mat,14723,90f7b2f1386b4cc801c9e45ce5373ac4d0156b22c19fbe2e4be24a5a9ae496ac
Data/Video_IR/IR_HELICOPTER_027.mp4,.mp4,106007,83154511d9499ae54e346f7304cede7f8597abe0ee12178f2b501a5bfb0dbc8a
Data/Video_IR/IR_HELICOPTER_027_LABELS.mat,.mat,14904,8df41001ca9e09af6c79295d2b911df0521cada229e4af943fe53f10e7c56886
Data/Video_IR/IR_HELICOPTER_028.mp4,.mp4,103229,d46695d5c557809aa83675e7f221ef4a7f6991679b3c01fdb4dd41c1856106d3
Data/Video_IR/IR_HELICOPTER_028_LABELS.mat,.mat,14763,5b00e89806fca0bc1c583124d82912ecacb3dac8b912878bdce3c4947102104a
Data/Video_IR/IR_HELICOPTER_029.mp4,.mp4,39356,b59b038415e04c65bb0ccfb922812c706778cec590abab58f5786242b96683ff
Data/Video_IR/IR_HELICOPTER_029_LABELS.mat,.mat,13884,298908d2213c71e7a22a86ed49b12bf13d9e3c7bd9524f80815c6288843c05ce
Data/Video_IR/IR_HELICOPTER_030.mp4,.mp4,40051,8108116ec76f4bfdd4f4d696166d0edfcc9aa6cd02efd5162623adec30a42fc5
Data/Video_IR/IR_HELICOPTER_030_LABELS.mat,.mat,14839,5fd02fd58be59b58b9d70ee61438e1b0140c708863b9fe9c4ed1834db574a4cd
Data/Video_IR/IR_HELICOPTER_031.mp4,.mp4,81317,5062a386c69428bf076d96815065db7135a4b6b7e57710b60cc98a02ba051ff7
Data/Video_IR/IR_HELICOPTER_031_LABELS.mat,.mat,15400,ecc4b9154686c3f6f916c37a2b5f692ed363b6fb9c30630d6ec72e8dc9cba01f
Data/Video_IR/IR_HELICOPTER_032.mp4,.mp4,61002,ff960bae5c11c06492d0a99181974e2e2521f14a41bab110bf56bd8c86d59b0d
Data/Video_IR/IR_HELICOPTER_032_LABELS.mat,.mat,12095,40404eb5915d7a18842800d532a13a283ab620f5f2145f9247579e54028f2bef
Data/Video_IR/IR_HELICOPTER_033.mp4,.mp4,66403,47d6dbab9e683698210dbf479e575af4b65b53f2cbb78b921dea5a5c4a781680
Data/Video_IR/IR_HELICOPTER_033_LABELS.mat,.mat,14017,b6854750527e4d7ed64813e7ffd36b3b388d9f99a83c6f67567da579e7c942af
Data/Video_IR/IR_HELICOPTER_034.mp4,.mp4,173762,bfb46b9430a5d6da2be190e6889ff0903211c94ac8e1f19f6d100dad3eb02c2e
Data/Video_IR/IR_HELICOPTER_034_LABELS.mat,.mat,14719,11bc791e967666044cac5a6874ab31c0e51930a88cfaa24d711fa04c38057f43
Data/Video_IR/IR_HELICOPTER_035.mp4,.mp4,107506,5fe1c564ce7bbedbea7cf0012e82c5393da5f548b5dbbce8467b9392983d6ab3
Data/Video_IR/IR_HELICOPTER_035_LABELS.mat,.mat,14482,f97d0266130e3b77ab332e42df754d945c2f3a3503542e834f834043555322d5
Data/Video_IR/IR_HELICOPTER_036.mp4,.mp4,86650,c34c0c1b6b04d2da1dd8cdc3b4a46ada099d6e264bbe7b3b04cb496714680f99
Data/Video_IR/IR_HELICOPTER_036_LABELS.mat,.mat,14314,c21b0f99cb604327b714cb2e036156dbd08c452fa3c39343e484a4f37707dc2c
Data/Video_IR/IR_HELICOPTER_037.mp4,.mp4,64922,a88b0a7eae017a9883a4c253dddb1477e4af21e7eef0f3011eb9cf21c9c70844
Data/Video_IR/IR_HELICOPTER_037_LABELS.mat,.mat,14083,ff7e817ad1af05f734fc7864504745cf996a68b583cd2407160f19d9e9d92357
Data/Video_IR/IR_HELICOPTER_038.mp4,.mp4,135088,cc5cdb073224c619d8a3eb6b37153793ec5cfda7d4f67eb016635a9e60a91033
Data/Video_IR/IR_HELICOPTER_038_LABELS.mat,.mat,14624,8aada43bf406c4a7c3a47c3eff6cebd9e9a35df5056a88c85d0a4cd4c18a3ddd
Data/Video_IR/IR_HELICOPTER_039.mp4,.mp4,128315,79862376282457f72f3951d4faefd6106271ee8054dc725d86dc62a9a519d520
Data/Video_IR/IR_HELICOPTER_039_LABELS.mat,.mat,14454,78f4ec7419ab0bb25b10261b4f11e74f92347bc50d3b938320a1cdeff6d8e6c4
Data/Video_IR/IR_HELICOPTER_040.mp4,.mp4,29114,c61319e5d24a3a85507b937bda917ca4d27a43539726edfdc34837dd5ede5689
Data/Video_IR/IR_HELICOPTER_040_LABELS.mat,.mat,14631,62b33c65b4081a5cb227a4ef39afab645e368a7928ed6235c841435eb535f8cf
Data/Video_IR/IR_HELICOPTER_041.mp4,.mp4,68012,da5c95600e498341c1538696e932e2123b952fcc8acc4154f23aaf2f109f6185
Data/Video_IR/IR_HELICOPTER_041_LABELS.mat,.mat,14472,2ac0af0c19c1e4e3deec4cbf2c05ec02941f84fb23b6cd6a80fb77b97eaf483a
Data/Video_IR/IR_HELICOPTER_042.mp4,.mp4,58809,514c36cb78cf63fb879becd979c41bfd733c9f751f5fc3700c6420d9910f1046
Data/Video_IR/IR_HELICOPTER_042_LABELS.mat,.mat,13748,a5fae1ecdaa35f3e9784e7f1cc693c80bc9e92f27993c5429dca5863d1bd6e63
Data/Video_IR/IR_HELICOPTER_043.mp4,.mp4,126234,6227cccf7c27ef182f99620d25fe88e62e5a0f434bef2315071f82a1bb0cee88
Data/Video_IR/IR_HELICOPTER_043_LABELS.mat,.mat,11740,da0715e491794a0c25be383a4ba6c40d7c7e3cee3cad64300231f067a37a9aca
Data/Video_IR/IR_HELICOPTER_044.mp4,.mp4,58565,6f4401ba34447a151ac39232a6e7e78bd8cd602a4ae7ff432247ed5b4ca39eec
Data/Video_IR/IR_HELICOPTER_044_LABELS.mat,.mat,13659,4b437a9a82f1f51c61050aa16a4e882ad71ba58cef0cc45696be3fb0ad034234
Data/Video_IR/IR_HELICOPTER_045.mp4,.mp4,59544,713f5832b2df1f6c8945b984c3bd486d283ec03f1c402b6e2157ef1e5f98cdf7
Data/Video_IR/IR_HELICOPTER_045_LABELS.mat,.mat,11455,1aef31a781d4b730aebca25cb77a081ee4241e5caed8c4e1d736ea5297124251
Data/Video_IR/IR_HELICOPTER_046.mp4,.mp4,149824,4dd4131a92cc61acc7bbd9cfd99c1fc62a2edec8392a45282b1d37352e33ab6b
Data/Video_IR/IR_HELICOPTER_046_LABELS.mat,.mat,15318,215fe104d87e93a8d2947bea9762b0fe3623bd3b604c408d50649b18778aab50
Data/Video_IR/IR_HELICOPTER_047.mp4,.mp4,214059,dd11c68c33fff00d4fdbdc8617a638441825f29e15d8a48645d4bc093c6bdac9
Data/Video_IR/IR_HELICOPTER_047_LABELS.mat,.mat,17359,bcc5fd3fb5b8a391b023e20ee3c0eda447b37a996e1e37e1fecd5ef3652c1350
Data/Video_IR/IR_HELICOPTER_048.mp4,.mp4,197385,52d64fce0899e3ee061ef21e2b1aa51ee359b12026b1ec068f16940d38c929a7
Data/Video_IR/IR_HELICOPTER_048_LABELS.mat,.mat,16631,5250ff60ab0b72585df84f5c9444230d0b1cfc1dd4efa267d0522b0d73c10ede
Data/Video_IR/IR_HELICOPTER_049.mp4,.mp4,38010,c3ce75962a3a5f83f5d25f0fece8a53acd34ba04084c9dade4c639709fc86605
Data/Video_IR/IR_HELICOPTER_049_LABELS.mat,.mat,19074,0bc2017998adac6156de931c0430a49f6d11408367fd96c1b99b73594a88549e
Data/Video_IR/IR_HELICOPTER_050.mp4,.mp4,205652,73d7780f7d622520036e3b609a5717255337067bd6aa29c207d4e97e59bea3f2
Data/Video_IR/IR_HELICOPTER_050_LABELS.mat,.mat,18126,0836c910ceee6581b0b4df4ac9e88ff8dabc3994768c2bb047eae1727d4d84ea
Data/Video_IR/IR_HELICOPTER_051.mp4,.mp4,228800,8d65a0402d49dc3e034c9e59332fc8bee4f792a20876c771f3a2ce0cb1e3cb5b
Data/Video_IR/IR_HELICOPTER_051_LABELS.mat,.mat,18868,e9dc3bb8f0e82c0ae511e50a46c533fd973417a5657935da28401dbc63c6f419
Data/Video_IR/IR_HELICOPTER_052.mp4,.mp4,203280,4bb939a2e9b6601829e6495519761088bdff47e76f9b1b019d7ff31dac83c917
Data/Video_IR/IR_HELICOPTER_052_LABELS.mat,.mat,20430,371fd6e416fb11a3efc1d4efdec3853ae56d9eca70a567630c668f981dd51f48
Data/Video_IR/IR_HELICOPTER_053.mp4,.mp4,521837,716fac255e6e9bfc51e120462f37e70f2671159d18aaa535e3d16d197146959a
Data/Video_IR/IR_HELICOPTER_053_LABELS.mat,.mat,18254,26522b7510c97a895f076a205b453a12d42c702228aeacfbc7e246d4037817d3
Data/Video_IR/IR_HELICOPTER_054.mp4,.mp4,439634,c1e6beb16f01bd5481baeb2ad642378be033d7ac7a769bd6d343b4127b38e86e
Data/Video_IR/IR_HELICOPTER_054_LABELS.mat,.mat,18379,1cf65297a92b77a50483e8a0972398d1b7fbb7298ac066381ee61ee6abf9a54d
Data/Video_IR/IR_HELICOPTER_055.mp4,.mp4,370992,483c310b2341c71a141b3b8a3da7851990ad2e220e5f91e7edaa17a0259890de
Data/Video_IR/IR_HELICOPTER_055_LABELS.mat,.mat,18324,c96841f1298d8112ab3a670343c369a95b1d5aa9b9d49ddfe1f3841eafa7319a
Data/Video_V/V_AIRPLANE_001.mp4,.mp4,213050,6bb61e33c12f48a19dcfb77293ac000626c18a18326957ead37101d31c91a143
Data/Video_V/V_AIRPLANE_001_LABELS.mat,.mat,15974,d8aea0134693e238c9e617488c236524cd4613f386a02b31e82fac20cb78af3c
Data/Video_V/V_AIRPLANE_002.mp4,.mp4,288498,52fcf8f1906bd4885d9728cb0ae2090bebd5880d863dfc0a4eee824dba95d41f
Data/Video_V/V_AIRPLANE_002_LABELS.mat,.mat,14920,f3f0f74ba03d5829ec62fc3d94a796b83ba95b5318521fd21fb9490dcd7309f0
Data/Video_V/V_AIRPLANE_003.mp4,.mp4,229356,939fbc3c2616ec317ea81e32e048be4a48d90981abbfe2786731664ba8261bfc
Data/Video_V/V_AIRPLANE_003_LABELS.mat,.mat,15905,1cfbe0364bec4b7c64a876fbec01549f4d2588c146e3d60aefb71e5f756688c9
Data/Video_V/V_AIRPLANE_004.mp4,.mp4,96903,940f2243e5a22701c28229b077347026f539070552254dc62be275819f47df9f
Data/Video_V/V_AIRPLANE_004_LABELS.mat,.mat,15435,cea4d04549f6a8cbf5c2465466d7e9405b4b20615cd12609a3fbcde3665f0ebb
Data/Video_V/V_AIRPLANE_005.mp4,.mp4,122613,806fb14b22381f43a465a240770166ec4dab36d6acc865d8de64cd74c08581ac
Data/Video_V/V_AIRPLANE_005_LABELS.mat,.mat,15105,4441d81beafa814a897a1d8faa2bf9e3caee33f332dc502d09f445d5ff225825
Data/Video_V/V_AIRPLANE_006.mp4,.mp4,79469,0cabc81f8162b8da7185b3cffeebcc4b13165bc54331b4bc70b07f890f315a82
Data/Video_V/V_AIRPLANE_006_LABELS.mat,.mat,12584,371fb2462c662e1f962be3e45cc495834812f8e8fb2f9c2f3cb0d219f0b5ede0
Data/Video_V/V_AIRPLANE_007.mp4,.mp4,78547,1eeb5cc4d5511e1e79ecfc8f2b582a69753f63654494cc79f1dec432232cee7a
Data/Video_V/V_AIRPLANE_007_LABELS.mat,.mat,11897,5cacd8162a7269683109be2058ecd67490957d2b430a1a4da24058ebb8ad879d
Data/Video_V/V_AIRPLANE_008.mp4,.mp4,299133,da44b0d3e78f6c7f28edcb8a43b88dceeb28d0d099be72bc81154e3c3b00989b
Data/Video_V/V_AIRPLANE_008_LABELS.mat,.mat,16280,aa061440bf309ee8d249e66f4fcddfc15773096d01955a4e4463343c6e313640
Data/Video_V/V_AIRPLANE_009.mp4,.mp4,67637,f766df6522c1b3af93eda345bb68906e321dd526e491842f917155276613491b
Data/Video_V/V_AIRPLANE_009_LABELS.mat,.mat,13675,d14f7a3356c2f46bdf239d418fd50147ad4258dfa35ceb402bfc21b74d6a9c16
Data/Video_V/V_AIRPLANE_010.mp4,.mp4,145950,897b2d3dfa82001465c1daf8da1d1dd988becbc6acdfeb70e668a7fdc86caf4c
Data/Video_V/V_AIRPLANE_010_LABELS.mat,.mat,15958,2c7fad64c8c0f4f46142db33667112ef4fc7fb172bf4b09b27c20a22ee89a75c
Data/Video_V/V_AIRPLANE_011.mp4,.mp4,143445,16d192ebac3ad7173b7b0d12e390e30bdb55b44222da9724dd879aab2eacba63
Data/Video_V/V_AIRPLANE_011_LABELS.mat,.mat,14571,a9cf7cadf4debbfd710da1c299171c831512b49619d63abf3a4b7b502d2321f1
Data/Video_V/V_AIRPLANE_012.mp4,.mp4,168426,4d5baaccca0a93253f2b1241fcaa71fc7a7c2535bdcbef0f6a9df97ec6464480
Data/Video_V/V_AIRPLANE_012_LABELS.mat,.mat,15463,83c32c223d7f26e0b407ce58443ef7ed263b2cf892c8d441a8d9ca57750cc9e7
Data/Video_V/V_AIRPLANE_013.mp4,.mp4,144945,26c7f2a50f67c3055b6fe131e809ca0a830290137a93ccf3a4107731fe68a33e
Data/Video_V/V_AIRPLANE_013_LABELS.mat,.mat,14810,fd91911821276d7b71b3b2338d7f2b0c54ceefb90e7cdb8d5fd318c7df28baea
Data/Video_V/V_AIRPLANE_014.mp4,.mp4,1012953,35454a010dcfe649f92b2efb044537ace63e278b642c4f3a512995aaf591997b
Data/Video_V/V_AIRPLANE_014_LABELS.mat,.mat,15635,9e40db054f68097dc34d7d0f09aa4e941934a0940fa486b7e3e01c41764d2554
Data/Video_V/V_AIRPLANE_015.mp4,.mp4,358340,c193486b5575d1876577f65c222af207db439ab3b952fbcca21eb87d32ef6c54
Data/Video_V/V_AIRPLANE_015_LABELS.mat,.mat,16378,4aecc3bb5bab77ce34edcefe6b6e6e3bb77ee06de29191ed9dd59eaa5a2dfb8d
Data/Video_V/V_AIRPLANE_016.mp4,.mp4,112565,216faa00297f9108f623c4a8a9177c6b1a133da1252d94a3691d3255a5267338
Data/Video_V/V_AIRPLANE_016_LABELS.mat,.mat,17915,b06cc0bff5991812c0b3ea403184e63e86af32209ce964d98f4dcf171d8f1166
Data/Video_V/V_AIRPLANE_017.mp4,.mp4,128121,9c48eabe39b55bb7f88003fc1f39ca2a4fa90e759fc85324fcb84861312aa2f9
Data/Video_V/V_AIRPLANE_017_LABELS.mat,.mat,18118,fbdea6e0ad3ff14f1a9140d50f25c99209d083584fc2013eb18f634dff9c0da8
Data/Video_V/V_AIRPLANE_018.mp4,.mp4,109717,167ac7c33956129717860d7c36da101c9b74cdaae5ef3705b411957212c8746b
Data/Video_V/V_AIRPLANE_018_LABELS.mat,.mat,18496,a8049aaaca11f348d0935688d56404aa4cf9357025bc68c57e28284334b10492
Data/Video_V/V_AIRPLANE_019.mp4,.mp4,285020,c086709092fa001593298e04c38430d7ddb2cd45770281304d6e4c4125112d0a
Data/Video_V/V_AIRPLANE_019_LABELS.mat,.mat,17179,45239f4562959d7bb66fa42e3b813ed58ba80b41c892a30050c311f88ace568a
Data/Video_V/V_AIRPLANE_020.mp4,.mp4,108088,a4b93e97232e6a6fd625e139dac4a0745c39e41fc1e0b4fc0aee4d0ad1b1c24c
Data/Video_V/V_AIRPLANE_020_LABELS.mat,.mat,18102,8f7bfdd93a28305242bf0f4c519b6b37d2b2b4ad0bc5fc6f6200440a44093f54
Data/Video_V/V_AIRPLANE_021.mp4,.mp4,788174,f57201e109ce495c0642de0b8353ef0b447ecc7e79526b07de593e72b39184c4
Data/Video_V/V_AIRPLANE_021_LABELS.mat,.mat,17886,7e82e19d72a1394abb883e82f578dcb85544de58e9f984bd19bfb436adc3b7cf
Data/Video_V/V_AIRPLANE_022.mp4,.mp4,963967,196746503d22c6a1963ea6dce80b67c7dcb594602a264271d982032b66b6886b
Data/Video_V/V_AIRPLANE_022_LABELS.mat,.mat,17820,11dffd8b824fd02cdeafb0d21e42b3ae445493542b0c1135a464ca199a6e8fb6
Data/Video_V/V_AIRPLANE_023.mp4,.mp4,86475,e6fc836b34aeb717cb825403fadcdaf7658a209d434428dce966c656d3d2abc2
Data/Video_V/V_AIRPLANE_023_LABELS.mat,.mat,17014,5cfd904ae5d4930685c2f0c5b65a945652a522b1d9001cbfa89d6ad640b3e2a5
Data/Video_V/V_AIRPLANE_024.mp4,.mp4,90439,842ac071cf8577973b2fd5fdfbf7f897fb280ee9b08a179f1d554beb7465e591
Data/Video_V/V_AIRPLANE_024_LABELS.mat,.mat,19766,91a2de5dc53de3b85f0366076f5c15fc35166c86cff25fb12358a5a6fc15271b
Data/Video_V/V_AIRPLANE_025.mp4,.mp4,98042,7ab07f77ac3664292c66b0c9896d217b9f5245f4c3a687aaa943de3af4214f9c
Data/Video_V/V_AIRPLANE_025_LABELS.mat,.mat,18859,be8e0e1922394682ddc7ccdbf63bd830fd0e222e1c50740ae8cdda0b84ea9183
Data/Video_V/V_AIRPLANE_026.mp4,.mp4,122832,41ffc23aa7e4812972dedcac08ecbb902ede9b26d87eed97968f27be5c57cfa5
Data/Video_V/V_AIRPLANE_026_LABELS.mat,.mat,20111,7a7d7c48c132696a4d0bb6e9e0d1f4a90c41f2f369cc68d1589b2f304decd6a7
Data/Video_V/V_AIRPLANE_027.mp4,.mp4,139749,c221ab67540d1e4d8695d412390e5786c30684eb47f6589855d85b0e8a3b7043
Data/Video_V/V_AIRPLANE_027_LABELS.mat,.mat,18060,31cc8af717392408c4837611a18e95b0ff04750cb7583fb4fcf4d7148947cea5
Data/Video_V/V_AIRPLANE_028.mp4,.mp4,80983,bd879a0ca6e07d88c06215c16f3aa3dccc2b75cd972c26a13a39b4042ee18b77
Data/Video_V/V_AIRPLANE_028_LABELS.mat,.mat,16624,9ba734251e5d85ace30ab94dca8ab46e57ccf553ae7565bb5dc717b379fab271
Data/Video_V/V_AIRPLANE_029.mp4,.mp4,83213,11266bddd7e189705c38443739670f870c0281907860bab28b95217a234bd9fc
Data/Video_V/V_AIRPLANE_029_LABELS.mat,.mat,18786,95a9a5055a856149bb5769c38ab00e38600af1d629be1f6e6d5373b5ca843727
Data/Video_V/V_AIRPLANE_030.mp4,.mp4,91710,72c968ed14bcb49208b28e0d423825dcfbfcf33a5ec31d80059839758ed81759
Data/Video_V/V_AIRPLANE_030_LABELS.mat,.mat,19341,5d548dcac5b6cdc2b886e78dcb38abc6d2c19373e945f036d5ae10643e9f51ca
Data/Video_V/V_AIRPLANE_031.mp4,.mp4,79861,458b5d76da7e4c44e40220b86a2ced7d34fda0b7a638ecb5b33fc23c96a376ee
Data/Video_V/V_AIRPLANE_031_LABELS.mat,.mat,17812,15ddffd149769693e019ae46ef142077e4c2ae97ae3ae7aced2bc4f715cb7408
Data/Video_V/V_AIRPLANE_032.mp4,.mp4,221863,6ee96a528f6a9b650d53df63bb48af1f4e583eccee2dd4c6e1949541cc329d50
Data/Video_V/V_AIRPLANE_032_LABELS.mat,.mat,18062,b52d03f1080706467ed902957ba503d389d436052eff7842e3918f09b261a70b
Data/Video_V/V_AIRPLANE_033.mp4,.mp4,82350,f4dd40c440965276def0d679e18c77d27be2f3af8149af5454943106907af501
Data/Video_V/V_AIRPLANE_033_LABELS.mat,.mat,18268,55f53530e63080a140e9a7dcc522c2a29501c32ace503619faaee9ee63373540
Data/Video_V/V_AIRPLANE_034.mp4,.mp4,36404,b075b7efc9c21230e5e753aff00d93c6fa2e8a1392c25f5767357f12e456f643
Data/Video_V/V_AIRPLANE_034_LABELS.mat,.mat,19109,7d404a9a0f9baf9071bcd90b34bcd0a736628177b8e2f1d57b640d5a44581bc9
Data/Video_V/V_AIRPLANE_035.mp4,.mp4,190756,1deb9ce660ce85f961be7cd236db6965665332654f0d82b16e94e5907f58f0a4
Data/Video_V/V_AIRPLANE_035_LABELS.mat,.mat,17499,a49e0833f2dab4d58e5c7f430ef7bac801cab18618b0205af2d281d7da3ace7a
Data/Video_V/V_AIRPLANE_036.mp4,.mp4,295239,6b548a1d5fff59403c1d2aa2c8c97e895c21cb0435dcd3b079b719096307b87d
Data/Video_V/V_AIRPLANE_036_LABELS.mat,.mat,18836,b9d27b15db7cb5c684fd0141062668094fc7b28b2d13d195935ca1268d299172
Data/Video_V/V_AIRPLANE_037.mp4,.mp4,338129,da17efed7153d388dc807274704b857838c6f10eff8941c6f9f0da27496f787b
Data/Video_V/V_AIRPLANE_037_LABELS.mat,.mat,19161,6c626175c97ed9f7a88b3895ee84b9ad62eaab52cd6eb1b14461d9f39ec57eee
Data/Video_V/V_AIRPLANE_038.mp4,.mp4,972326,9974c038cafd6455f4ee534136aefd79cfed056f83031d4542fa4e4e01e686b1
Data/Video_V/V_AIRPLANE_038_LABELS.mat,.mat,17757,1482929563dac4030fa16cc7a7537b26a64e241ad47dad591300273b60b129da
Data/Video_V/V_AIRPLANE_039.mp4,.mp4,209784,8a84243b755dc0de5e7de1ed04edbe2ed61aaccf66126190eab9dba2798be99a
Data/Video_V/V_AIRPLANE_039_LABELS.mat,.mat,18034,4c995e6aba320475147ee8460ca391e6dbf9e252dbec947efd9683ae08a869f7
Data/Video_V/V_AIRPLANE_040.mp4,.mp4,818528,037a4bcff159c9b1f84192362c8c07550b92fefe278865beb4d09ca2350bc646
Data/Video_V/V_AIRPLANE_040_LABELS.mat,.mat,18288,1a205c3befc672bddfa2303f64cd146536c4749a31be1d527223ca7c3155f2a8
Data/Video_V/V_AIRPLANE_041.mp4,.mp4,150222,1108149fc9ebbe2aba16975255d0e0c3c3583866dc394106907cbf6a1b5b0bfa
Data/Video_V/V_AIRPLANE_041_LABELS.mat,.mat,18480,d58b1210a9e0b3fa74d2a3999aec8a4ac4c10b88fe159d11f655d890514c27f6
Data/Video_V/V_AIRPLANE_042.mp4,.mp4,733910,8317f691fa7840d8cdd0fe3246abeee0085a326063d5a0dbfed13a0ef7cc5e37
Data/Video_V/V_AIRPLANE_042_LABELS.mat,.mat,18403,f7f030e3f8b4c2c8f0ced5d93c27103c922f885dd964506999f19dcc22b9917f
Data/Video_V/V_AIRPLANE_043.mp4,.mp4,1077555,008274b63ddd4a361a1ce39f6c77b45ea0a092127a709c980cc1456776a10c31
Data/Video_V/V_AIRPLANE_043_LABELS.mat,.mat,15941,0ba5984347afe3d4ff7481bfecf1c75c041f55124aa65bf24354fdf724d2793f
Data/Video_V/V_AIRPLANE_044.mp4,.mp4,1232526,10d2836f14d4377204f6b5863f1e16461b601fb66809407e7a677c21e0561299
Data/Video_V/V_AIRPLANE_044_LABELS.mat,.mat,15287,6e181faac2bfd71a7f6eeb06334d9f9a294c3133f2fb220c1e3b36d7cba86f59
Data/Video_V/V_AIRPLANE_045.mp4,.mp4,1241528,8e6f3f0391b87b4483287d019d70cb821bcbf31b7e373b68d3b92219ca80a823
Data/Video_V/V_AIRPLANE_045_LABELS.mat,.mat,15988,bebcba6f6376e3f927d58b43e5e7cb91ff0b52764d0edbd3dd70e4cb6d910827
Data/Video_V/V_AIRPLANE_046.mp4,.mp4,1310144,7b97d41422261d596c363a409870e3dfc58b380b96bf9dc2478146c5c28b57fd
Data/Video_V/V_AIRPLANE_046_LABELS.mat,.mat,15396,7e49ccdd414602854fc9d46be07492c179522dd917d18c09c3fdb56f13d557c7
Data/Video_V/V_AIRPLANE_047.mp4,.mp4,886500,1f53634e0a46c647bd42f346015a657c4da774819cdf43cd84d3d928e3467435
Data/Video_V/V_AIRPLANE_047_LABELS.mat,.mat,18640,72da309205cf93dfd6a0c47aaab7688be10a2aacb60bda0211eae85a9989b5be
Data/Video_V/V_AIRPLANE_048.mp4,.mp4,1512465,c2f542ec9080401ec7b23d5631b4f8e8fa2f21bf8ab59ef5ebccf460745942ed
Data/Video_V/V_AIRPLANE_048_LABELS.mat,.mat,18047,40211578a9921291a6919d53435c254ba41bb7dc56de8600543c454f975d237c
Data/Video_V/V_AIRPLANE_049.mp4,.mp4,847570,ba66f91c66dae9d9d8bcab76f6f556d1f58bfe348ee60c6d064fb79a2862d5e4
Data/Video_V/V_AIRPLANE_049_LABELS.mat,.mat,16845,4d28f5d2c0eb61a9fe3b36e20eca347e59ed407db3cbd848322b7eaedc206c7e
Data/Video_V/V_AIRPLANE_050.mp4,.mp4,673132,c9392aff41064bb1fc7eba69c9b2af9ace91e0a9c1f1b9ec68c136906a50aacd
Data/Video_V/V_AIRPLANE_050_LABELS.mat,.mat,16498,b4d12f75095d21246f522b8cc69320c2e8bb4564b7eab2564565f2d8ef24144a
Data/Video_V/V_AIRPLANE_051.mp4,.mp4,592187,87c7ae2376e18a8392fd256fec6b3647a71aa77aca378f59d870d5592d99f13e
Data/Video_V/V_AIRPLANE_051_LABELS.mat,.mat,18153,49bac81a6d5ab638c17567fa4e0a05dd9b5540a69260f2b6f166a4e4e11d6eac
Data/Video_V/V_AIRPLANE_052.mp4,.mp4,60798,8ea36a9a854f136c5e9fe07e2d1c9e65490d5b039dd8fa66483444607d2f9b9c
Data/Video_V/V_AIRPLANE_052_LABELS.mat,.mat,18310,ea8e07736f789bb8ab927fb929416bd94eae0bb212e3c380ff7782b323b94644
Data/Video_V/V_AIRPLANE_053.mp4,.mp4,253732,5c7fa73cdf76ed53440fa6365b8653953ce89f68d1d61f771d487b3e88fcd73d
Data/Video_V/V_AIRPLANE_053_LABELS.mat,.mat,18173,88fa063e6c561e144bccfec2bcfc3365bcef671cdd260e2565104075a779e7b5
Data/Video_V/V_AIRPLANE_054.mp4,.mp4,76451,126bad200e0ce6f15b1ddc85059acc2a1a68d85910b5a28055084df765d7269c
Data/Video_V/V_AIRPLANE_054_LABELS.mat,.mat,19287,0eefad80b137984d36c694b4c334219c5e25ed18f2b0f0e111931475dba9181a
Data/Video_V/V_AIRPLANE_055.mp4,.mp4,83793,e60e1314d5b4306047d10e210614047dffc74032775026dd196cebfb03fe0b07
Data/Video_V/V_AIRPLANE_055_LABELS.mat,.mat,17444,9c42c554ac82bb8b17a9bc78fad59cf187e36f7ddc782e1c7ab37f642566e9ad
Data/Video_V/V_AIRPLANE_056.mp4,.mp4,83246,8f2649e419fdaf57bbc637b246d85b169c1b024dfe05117763aa7ce1607f9dad
Data/Video_V/V_AIRPLANE_056_LABELS.mat,.mat,20210,b5240a2aa071466c320ee781931aef766855daa3a48f491efd70d95b40c0bff8
Data/Video_V/V_AIRPLANE_057.mp4,.mp4,91727,2abeec540065eb03fff5792d9b94f7e9621e5b9263cdba5164a5ff6743474e68
Data/Video_V/V_AIRPLANE_057_LABELS.mat,.mat,18265,14f34972a1253e120aaf04f6457c6f1a7cbcfe0a6e296bd024d8092f9b1bb742
Data/Video_V/V_AIRPLANE_058.mp4,.mp4,85479,9215e03a8430190da27a6ab6f427597b693cc68c3ba05edde04eb93d98dbacb2
Data/Video_V/V_AIRPLANE_058_LABELS.mat,.mat,18835,0f6b811af9d57b8c5ac7dbd66663fcba7ec944c547fdd0b2a2501a5a931d4f06
Data/Video_V/V_AIRPLANE_059.mp4,.mp4,276507,129848a098e14a79c520bc2bcf83423bedd9ff5de8eebeb9d17aa2f6d9635973
Data/Video_V/V_AIRPLANE_059_LABELS.mat,.mat,17995,83a76c3ac4dfa59893e069623f7a1472c5e91300393e38735aad304f8ad55570
Data/Video_V/V_BIRD_001.mp4,.mp4,331120,062059c958360e552fa475f73ad32431441abc3970939e6a12f464a76d1095bf
Data/Video_V/V_BIRD_001_LABELS.mat,.mat,17413,e8ac9e784e285ec0e27e5c05f802147e927769cf86b2a58b4654b1a8c5e098ea
Data/Video_V/V_BIRD_002.mp4,.mp4,480561,67ba35cdbbd6da16489f81c2afbbfd7b53b1189c763254f30083dedf0b8ec0f9
Data/Video_V/V_BIRD_002_LABELS.mat,.mat,12585,36a708ae1282779a17ff6a321510acef66cc116890d023c373a43d3d915a99a2
Data/Video_V/V_BIRD_003.mp4,.mp4,87927,502229dcf0c3633148e97635fcbc8a2bec520b091da3735a51ee6c7b06e074f4
Data/Video_V/V_BIRD_003_LABELS.mat,.mat,17176,ac5c4c8a967bbfc3ebc14513f9271a463f855568932ab14f153d27060f49e1d8
Data/Video_V/V_BIRD_004.mp4,.mp4,679944,8e34b28eb0ea0fc31a9b01c0045fb99e4f8e70298a626de284204608ce414d8e
Data/Video_V/V_BIRD_004_LABELS.mat,.mat,17895,7df8517e6a3edd24cb3060df16edbe64fa0892c0a0b95b66b56e3a4cbcaa0d9d
Data/Video_V/V_BIRD_005.mp4,.mp4,4627355,80a8b3d5b1fe0e250ad8a2f65705e359ad25c2689d45a3918af81975d7e549f9
Data/Video_V/V_BIRD_005_LABELS.mat,.mat,32192,7f7d284e8d80ffbe674cc9a33b64ba45927dab01f79e8cef9706e46a4f70f5a0
Data/Video_V/V_BIRD_006.mp4,.mp4,356398,10f75fbc578ac9140f83c34a60ceef99627e536cc0613655313fcb852d7961a8
Data/Video_V/V_BIRD_006_LABELS.mat,.mat,19397,024e1f854362ec91d555e87eeaf0c76e9b8fa76837d8a7fb0c8763e9e7d3f726
Data/Video_V/V_BIRD_007.mp4,.mp4,292371,2c9bb9d292fd974393f0459c6e908e6270ef08b88a44e50e5967b4cd877a0684
Data/Video_V/V_BIRD_007_LABELS.mat,.mat,17530,d34250add4e8a68ab29d9511a525778caa6be4648e83b6723e7dec80143690c2
Data/Video_V/V_BIRD_008.mp4,.mp4,350823,7e9d66e6ba4412b5cfe8a16ae9c261b9be80b9228aad41602f181b889342c1b6
Data/Video_V/V_BIRD_008_LABELS.mat,.mat,23693,02741622ca34d31428eaa26ad51a5bec5d06124be8113b19fbc344bc041b10aa
Data/Video_V/V_BIRD_009.mp4,.mp4,311115,bfa0754d18c7c261d3e9583a4fa061f987ee37d86f9537173d72079d779b42a8
Data/Video_V/V_BIRD_009_LABELS.mat,.mat,42024,9e84a6a3d4a639bc64ff91f7d6cc892cae32197991408929448ae489eb376cb4
Data/Video_V/V_BIRD_010.mp4,.mp4,469360,7f8c92db84178290ad5a52fb9b303491f1d954664ae09ab4e639840819fad090
Data/Video_V/V_BIRD_010_LABELS.mat,.mat,17460,88cedb161ebca4542c72933e9c65814b949b8cba0ad32044bf073ddf03694872
Data/Video_V/V_BIRD_011.mp4,.mp4,1958489,728c9aa96dd2adc636897e1ed9721fc1100f06612158393064bee2c823b11eac
Data/Video_V/V_BIRD_011_LABELS.mat,.mat,18310,1fb43df46840a003afae106af2228a20dfc4085cd53747866fc827303611ddf1
Data/Video_V/V_BIRD_012.mp4,.mp4,1160466,3386d0accd33d7c67ef83aae3bdcd9e03c4ba4085d2d418275f316a9ea908cbc
Data/Video_V/V_BIRD_012_LABELS.mat,.mat,13532,3ce5a5a878d1febef1435d28c2860285ae07ac468a36b795fc421545d672f88f
Data/Video_V/V_BIRD_013.mp4,.mp4,1142774,4ce59a2e00b85b01a215e42f1695730155e5516e285e74bb8dd3f13f6bdc18b7
Data/Video_V/V_BIRD_013_LABELS.mat,.mat,12887,114d419fcfbd92da0e310f8d9a266a690a94d314d5a7759f3c348e5ac5cfd054
Data/Video_V/V_BIRD_014.mp4,.mp4,255806,6c2e3d5c8582fb8e5e6908665657ac0d5d1c6dc8878e22ee50f02fb894bd1242
Data/Video_V/V_BIRD_014_LABELS.mat,.mat,15903,cdb24469dbbecd1843a2ac200d45d246eb7ddcef0e461c688b6838d6cc481d7d
Data/Video_V/V_BIRD_015.mp4,.mp4,501690,fc11e3c8d08ecc960912e4045c16be2a1f78b4e55de51b03e9c615b29daf7eda
Data/Video_V/V_BIRD_015_LABELS.mat,.mat,16656,0e27532f95378e704ca784d04e43cbc3bef69622e46270c56d0dfa72ff1a21b9
Data/Video_V/V_BIRD_016.mp4,.mp4,1100328,987ce264e35f49cfca2cf1f762e0d9048a9c79f6fc4405a9f4cfe99ece74c2ec
Data/Video_V/V_BIRD_016_LABELS.mat,.mat,17151,74d3182fbb35fd8cd3a9380d43d05cb052dfb55773b10972f1c8cd7cc0b34f55
Data/Video_V/V_BIRD_017.mp4,.mp4,960279,3b84f8e3d451a7edeaf1471a166ce29ba9b1629bb7ddab6c9975e0dfc776a4d1
Data/Video_V/V_BIRD_017_LABELS.mat,.mat,19196,3ee51cbaf118b22c514d0ff28d2819157f5f99f97f26fbb72e28a1b2b26b26cf
Data/Video_V/V_BIRD_018.mp4,.mp4,1936431,3503b73e7a0a4e1f44e868a03cc9cbe303e6cf92877cd4abf903836790afbf7b
Data/Video_V/V_BIRD_018_LABELS.mat,.mat,14052,d1567db64010bab57b6497265d1da007f59c7c62547b2b627f4fcc203daaf811
Data/Video_V/V_BIRD_019.mp4,.mp4,1724776,15491de3633dd91e666f444c21ef3dbe32cf2cb471debd29cf95ca430dd36f62
Data/Video_V/V_BIRD_019_LABELS.mat,.mat,15880,6cab2cc82c0cbbf4f74614dc7ebc2f211079d1dfdaffc46610cfd4c85c2989e6
Data/Video_V/V_BIRD_020.mp4,.mp4,2404465,9fc863a4b784d55f56b405aa98ac3b3635d71d4b59a0709d276aca1b7ca1abe4
Data/Video_V/V_BIRD_020_LABELS.mat,.mat,22465,1e9e5cb4217a43a2e5fe6bb7982a87ae79362b29f79a1e320441bacd53df3530
Data/Video_V/V_BIRD_021.mp4,.mp4,2255345,a7fab224f044db9abdd70a297e558b3401682154899dee347bcb402aa6a6df08
Data/Video_V/V_BIRD_021_LABELS.mat,.mat,17833,ff7ac551d898b42b47e8d835740df12a17d3e86aeb9e731c5922c654742a78f2
Data/Video_V/V_BIRD_022.mp4,.mp4,1450874,c1b367f025032737fb41c89ab9dcaa178cb202661bd3c4fe441df26ef328c69a
Data/Video_V/V_BIRD_022_LABELS.mat,.mat,18123,4f5b2f4e0a242fc43b8c81477df71fa3d2962ed0724dd942fc5cfd5213c47f25
Data/Video_V/V_BIRD_023.mp4,.mp4,408311,57f948eb4b5b058e4c1d15cf5c0986971a14cb4a5f08b70b79728455343ab62a
Data/Video_V/V_BIRD_023_LABELS.mat,.mat,20816,9473d4828c4e97ec1535bc130e27fc8c43ab5693caea671bd71f4ed4ca8533d5
Data/Video_V/V_BIRD_024.mp4,.mp4,412722,8842733aff3d83b5c6c0d732fb2e6429cc1c6136d28bc3fd8efb37632c3c8393
Data/Video_V/V_BIRD_024_LABELS.mat,.mat,17613,217e1c54e6d27d6d71d659c0c70044f5aa4aba8ec2cf97bd8f85a0c48239fb5e
Data/Video_V/V_BIRD_025.mp4,.mp4,759017,a91ae13080298be51e76931d53d7d7dab723a08d9f13297f9cdd7b2141da7e98
Data/Video_V/V_BIRD_025_LABELS.mat,.mat,17800,09faa1bbd17d87eb8e61b2220fce15f5be0d2ad4909f634c3ffbe91c8c847031
Data/Video_V/V_BIRD_026.mp4,.mp4,639692,4d5c7ebdef74ea3230222fd84f0248d07dac98e247e497d00e5eb0656b3d4eda
Data/Video_V/V_BIRD_026_LABELS.mat,.mat,18503,f75ad1eff325f9bdacb5c4ce0ef231a553d613dcccfaf70441e482cac0571d4a
Data/Video_V/V_BIRD_027.mp4,.mp4,356641,3e2419e91254d653bcf80a13f340333a3006f6498e80c1bc7cf89b00ffa595c7
Data/Video_V/V_BIRD_027_LABELS.mat,.mat,18624,d9d473ce6bda8d3866bc96247b0c50931bc733e795f0758b2bd653328f28259e
Data/Video_V/V_BIRD_028.mp4,.mp4,449935,5d501712057e799f6427ec48b77b696c589dda9599ece964375eb9688f2d67eb
Data/Video_V/V_BIRD_028_LABELS.mat,.mat,18233,a302cfa769b827ebb03820047eb0ebb1aa5a2b6c383a99314cd26b53ec11fdc9
Data/Video_V/V_BIRD_029.mp4,.mp4,30987,7101faa4b55d463e35a0c9d44f7d37a1e5f1319a364aae6f6c27cb3ee42ca969
Data/Video_V/V_BIRD_029_LABELS.mat,.mat,17227,4d520ff2392000ad3c98a4ed19163166189a4a6c4ee374ce590d68e3fcc01478
Data/Video_V/V_BIRD_030.mp4,.mp4,246642,3c284836c34705822a50342fa1f49f906aff22a0e297201c4c5f341288bd9a91
Data/Video_V/V_BIRD_030_LABELS.mat,.mat,17084,921aa6add921d4a317f613c8fbebc1a592bcbbd8cb02fb73f1ebf246c9da0f76
Data/Video_V/V_BIRD_031.mp4,.mp4,654537,a72b2f5ba2bd275feaeaf489c5bf780d32ec82173e7917774b4280f9a46b8d72
Data/Video_V/V_BIRD_031_LABELS.mat,.mat,18162,bc904e9b3b42c635867fbe27e550087dc64947e71af6d5b9ce8acb687c49e788
Data/Video_V/V_BIRD_032.mp4,.mp4,405509,8e05ae6c74c91a8f38f84d174e4337d0243712d4c8409023543c4503301d01c2
Data/Video_V/V_BIRD_032_LABELS.mat,.mat,18789,8724b7a8f7b35f04285f2ef69bd305097fa1902dd8effd281f63cafe1b489c5d
Data/Video_V/V_BIRD_033.mp4,.mp4,357963,1c027c70ab7b993f94551f35aca27636aca71bf83ffcba8a3e68661aacd96cd4
Data/Video_V/V_BIRD_033_LABELS.mat,.mat,18063,c324053bced709c7857d9ea66bc59528d8cc36ec4e0c4c5e6892f3e704e890ba
Data/Video_V/V_BIRD_034.mp4,.mp4,362206,aa1cddf6b7007a71b08fef9f22e61a48be536330f625bbe7c13460f5a4326ac6
Data/Video_V/V_BIRD_034_LABELS.mat,.mat,17622,ef0fdc070d89ccdab67e50c9f52a9d410ca5aa53bed95c4a8d684f2c58e7af83
Data/Video_V/V_BIRD_035.mp4,.mp4,80799,541e6b09589fe3a3dced28bbb65004826cddac37fec9c8d67b5c3540e1f998c5
Data/Video_V/V_BIRD_035_LABELS.mat,.mat,17705,83968585843b38a112807e26f45d36d4b434192ea3bf7a81ee81aabe27bbea0e
Data/Video_V/V_BIRD_036.mp4,.mp4,152558,5a20b9896e45bedf454b4c947098346c6136700ac07604f7ba1b9263e8277cc3
Data/Video_V/V_BIRD_036_LABELS.mat,.mat,20158,ee62e2620585a68280664af35987e9125dd940119840ae85f6064d674c14b5ec
Data/Video_V/V_BIRD_037.mp4,.mp4,88912,8ac04b4e42bde4b2b8ac12fa8abd190e88720a02ac4738eee47a37a38605c483
Data/Video_V/V_BIRD_037_LABELS.mat,.mat,19110,f53428314f4a0b10626dcb32e5655e55336671c6761019ef7f906a246f1aac47
Data/Video_V/V_BIRD_038.mp4,.mp4,173693,5a9383870d95aa52d2725fb0b9e535931d3470ad65dc76d28cd5aa7478297fcc
Data/Video_V/V_BIRD_038_LABELS.mat,.mat,19738,51fbbac7a9a88d22e3eff049a11b19c1844aade643967d9f1b8620496089c047
Data/Video_V/V_BIRD_039.mp4,.mp4,142571,59214757059d0c5a5e3ce0b41b514f60800cc8cf299fbad164e5cda57372e119
Data/Video_V/V_BIRD_039_LABELS.mat,.mat,14591,b08336909c2c6b693f2417bc4082567914ce2a48bf602a4c08a73a4b2794bfe8
Data/Video_V/V_BIRD_040.mp4,.mp4,140108,7536665f438a0ed21bf6b6ad29472a4f238f9af427b0b605de911ed61a5eea24
Data/Video_V/V_BIRD_040_LABELS.mat,.mat,18630,f8d3afd0b784850adf186e6da85f3dd280d4899d439b9ec41a3beab1ad70793f
Data/Video_V/V_BIRD_041.mp4,.mp4,143194,9331c32679a4c6e9c5dbbad0a44afbc88763ab3e58692a5a895f3058b569eda0
Data/Video_V/V_BIRD_041_LABELS.mat,.mat,22575,76d6179e8129e8cdb59f036ac843a288085e0a36275a2eae4ebb468b8fe5f835
Data/Video_V/V_BIRD_042.mp4,.mp4,197695,f4b19a0ca4744ea44922d97efabc8b2ad0be24741c4b40e059dca67d3ce7da6e
Data/Video_V/V_BIRD_042_LABELS.mat,.mat,16535,ddab5774657a729ce02d6ffebbcbf060e0388d79df7b7c0ed498abab9fa1b284
Data/Video_V/V_BIRD_043.mp4,.mp4,78715,f251c60f6a9a733a4d6df2a5fd22017bacb303bddb126762824a4e56cd671b17
Data/Video_V/V_BIRD_043_LABELS.mat,.mat,16335,00e213c6663927589d081a579047d2396f216ac46e1c5fda4ad6b7dfa7fb62b4
Data/Video_V/V_BIRD_044.mp4,.mp4,186377,5f0955bbb158b65329537cfeb5b8f2a07a47724ea897f88121277d8509355955
Data/Video_V/V_BIRD_044_LABELS.mat,.mat,19112,04d365f8b35cf0e2d45e827065efcd2e6ed1e2b098d3cff924c618bcdad6b521
Data/Video_V/V_BIRD_045.mp4,.mp4,43713,a7e806a5adfce6fbda8539926067304bfad4c65ae3ecb0b1b52e0ec152d9dc7f
Data/Video_V/V_BIRD_045_LABELS.mat,.mat,17396,a8077221033cbcc733723892eec20390265b17d8931360bd48f84e82a704af0c
Data/Video_V/V_BIRD_046.mp4,.mp4,90975,4ba826a40f33b525faae3cdb0d9a71dc9f71e9b4c4eab5341400bcb8e0d1be2b
Data/Video_V/V_BIRD_046_LABELS.mat,.mat,17559,5b927a321f5587229f57d755ceed0fc99040161944f5a062915761aea9678007
Data/Video_V/V_BIRD_047.mp4,.mp4,205289,a3de91bad0498abaaef5cbb38b540160c75c06611c6e10a91fc1323fd98cc23b
Data/Video_V/V_BIRD_047_LABELS.mat,.mat,20722,98c84345a9b5f5782e837bfd92b85401d66448ff6639c67f728a83655be81d8d
Data/Video_V/V_BIRD_048.mp4,.mp4,612586,ab536cf4f1b8c69a6bdfd20778fc7a082097f9c3e86e39c4de9a16b7bddaaa22
Data/Video_V/V_BIRD_048_LABELS.mat,.mat,19427,b02da8fe8ac0cf3fc6bac40a6b29d9aa171138924c2cbfbf562a33af8611bbb5
Data/Video_V/V_BIRD_049.mp4,.mp4,86434,ae334ec0c266b29ccb84dab0a96bb69c605112cbfdd10a20ec5d9c67e57fbd5a
Data/Video_V/V_BIRD_049_LABELS.mat,.mat,16267,bda8e0eeef78d7cf9c5e5455ac0b338ca5531a36a7e6048ec3747c14c441bbc0
Data/Video_V/V_BIRD_050.mp4,.mp4,109175,0d419e633bd60576dc548a623f179aa1ae8e835b11fa7bbf1289ac90a6e3ef2f
Data/Video_V/V_BIRD_050_LABELS.mat,.mat,17327,8391e1544ef1cfbfbfe8a58bd7ec8f5c3bd580189742a7d788d70e9f9d768f89
Data/Video_V/V_BIRD_051.mp4,.mp4,466362,6f34fabe7221e50980a6ec24164b6d3ac16208e62ce84410c54c61f250a240f8
Data/Video_V/V_BIRD_051_LABELS.mat,.mat,19764,4a7fdce0f9ecb8f69b950fad749431d81e9be70bf25abb5dedbf29a0ab5a2cb2
Data/Video_V/V_DRONE_001.mp4,.mp4,144518,9db5a800377c01db8369dfba808d400ca52cd393e0a32850e1d20a4861eaecbe
Data/Video_V/V_DRONE_001_LABELS.mat,.mat,14180,39598c0beded8754d5193f57306897dd9302a309c9e391c37ada23eb94646399
Data/Video_V/V_DRONE_002.mp4,.mp4,103741,084a8c3bc4e6058cc7df23d00f464add64a07ba0210633b62bfbdb7611a4b60c
Data/Video_V/V_DRONE_002_LABELS.mat,.mat,14814,1a02016ddaaa6effd15027c943ca4d0447bcf122b5280815b852bd2ef8602a24
Data/Video_V/V_DRONE_003.mp4,.mp4,78601,83ef865c589cfb98a09b8a7a102eca119b807dbb373bd29909f1048a4ad732a7
Data/Video_V/V_DRONE_003_LABELS.mat,.mat,15381,a11ebfac515503697960ce2b858b578d06b61ef8f7e2c8184dc9035a3826c645
Data/Video_V/V_DRONE_004.mp4,.mp4,73182,30d5ffe6ff11621cc18f3d95aaf9464d12e6013cd6069054ec0f68c7f96880f3
Data/Video_V/V_DRONE_004_LABELS.mat,.mat,15152,df0b3f967083651a6f7b240fb86179d11ac5b1887960f3ffa12498d8bae15600
Data/Video_V/V_DRONE_005.mp4,.mp4,171897,77c872f4799892a17e6b31e30622e0728840a7f7b95111c3096368369dcda317
Data/Video_V/V_DRONE_005_LABELS.mat,.mat,14796,ce15d5ed1517c79f8f1c0e5c1b48d8752dd559c638a18b12e61892f1bd4b322b
Data/Video_V/V_DRONE_006.mp4,.mp4,127494,969f9bda01bf4e91881c647dc8e3757a27530fcfa6966686ee026f3e39737e7a
Data/Video_V/V_DRONE_006_LABELS.mat,.mat,15128,248918f114003bb532c1b3d5fb062b121543eb2b814824d6b064cca396f15ab4
Data/Video_V/V_DRONE_007.mp4,.mp4,67332,9bedc255ae673dfcf7292c2ea81dd74fbd8cd902d31a971a5cab089e81e17cf0
Data/Video_V/V_DRONE_007_LABELS.mat,.mat,14558,8e5c0ec027b25f0805a6b9e513f8436ed7b0ec9dd53169bbe4bc6325bd88a7a1
Data/Video_V/V_DRONE_008.mp4,.mp4,76073,e4045d9ce6d492a1e074d8f8edb95c58ccbd9370d6145fd82c3bd02bdb15cbfa
Data/Video_V/V_DRONE_008_LABELS.mat,.mat,14322,bab1e7f3278b12bf520e3b3641eb0a31426097df8f763510ee045febf8a85959
Data/Video_V/V_DRONE_009.mp4,.mp4,68051,4f3e7908e2f46d9e41a4e73baf4a8d9152551e7c7dfb46d0a72d059fc16defbd
Data/Video_V/V_DRONE_009_LABELS.mat,.mat,14269,6db77e70095e40e4da99d7ebfbc047acd342e3826c1d4dc9340273e1d9c10d7d
Data/Video_V/V_DRONE_010.mp4,.mp4,121080,4a857dfe16e123fc8375b8e730ad0c7f398f5defc14d50e41ade819dde92355e
Data/Video_V/V_DRONE_010_LABELS.mat,.mat,13346,bee1f39ad882470167288757359c1f43c7e48f9e43732f977cd5a46cfbb300e3
Data/Video_V/V_DRONE_011.mp4,.mp4,127581,5e558503f301acff7c557b84a86ca2591d0e5690cd312fa694d1304287f583ac
Data/Video_V/V_DRONE_011_LABELS.mat,.mat,14576,ee3dfaeae9bdda0c5c6c1d00a8fdd93cea7463565f70aa6c24b45f9a58daca76
Data/Video_V/V_DRONE_012.mp4,.mp4,161993,e12dc2c25aaec8d2002103160b0f1c2b448eea2a9e48ad083168fb8f86d29019
Data/Video_V/V_DRONE_012_LABELS.mat,.mat,15799,6d664776a7f50d55984ab43b5647c0ddda8febb32bd9cfd726c1b481346bc3ae
Data/Video_V/V_DRONE_013.mp4,.mp4,209407,6051c760d8e2b76c095ccac2a1808a15e3b8c9fda80a7bcdbfca618f338406c7
Data/Video_V/V_DRONE_013_LABELS.mat,.mat,16068,77fc690305e5d0faeb0878f98da421ccf8e5fbc2c597511c1bb4ae7222e128bc
Data/Video_V/V_DRONE_014.mp4,.mp4,167990,b2908a812dc6a7b10f1ddff115bda6ef2b8f60440a13b7899c332d72b07cb6fa
Data/Video_V/V_DRONE_014_LABELS.mat,.mat,16022,1eb6f00435aa8922e0d83a2d702ab89f9ac2c0b35a2c121b1bc0458dba6ed2bb
Data/Video_V/V_DRONE_015.mp4,.mp4,156090,f68d15d145ce8ac5f931a9d40681b79d405a61a3468294de145044cfd4fac8f3
Data/Video_V/V_DRONE_015_LABELS.mat,.mat,16203,cc99312b33ee4614b8241d7236469cd363d8efc1b8161dc742e8a7cf73c75336
Data/Video_V/V_DRONE_016.mp4,.mp4,296612,aa8d0956186dd50c6ffc63414aa167ce5f2c94760960e964fff574c95582dd2a
Data/Video_V/V_DRONE_016_LABELS.mat,.mat,14344,ea28a49c41525ef0e95c49f828c8b60bbe12856e250a488e736598b89499eb9e
Data/Video_V/V_DRONE_017.mp4,.mp4,210672,7ea6d6467e005fff7d4e14818bd2c48a78915e9b869de9693550cb017e2f18c4
Data/Video_V/V_DRONE_017_LABELS.mat,.mat,15926,60b7c1254591f29b7820dd994b0b059de7cf8638b8b3f076c6301f0e73f202bc
Data/Video_V/V_DRONE_018.mp4,.mp4,68216,4837846a2fcd2dee1d528749337bd94d804135964c6305a9fbbc2597f8792766
Data/Video_V/V_DRONE_018_LABELS.mat,.mat,14086,ee8af4450b813d11bda7cb141621bf834962757bfa46ede119c514ffd5a479a4
Data/Video_V/V_DRONE_019.mp4,.mp4,76057,1936f82d7acfc4447c33c5e69eceb3893abc5fa9c8647296ef832cc62817c8b9
Data/Video_V/V_DRONE_019_LABELS.mat,.mat,15830,af526efe94e60f7bb624166192f88183c8b11316bcc59e42b988b22919c19e64
Data/Video_V/V_DRONE_020.mp4,.mp4,74882,685b5c8228e0ca8c8737547607caac4b534daac2e0f412552739bb231ad18b02
Data/Video_V/V_DRONE_020_LABELS.mat,.mat,14729,326470a88c27d964eb029c3ebff0d6072f29445459e47f5f44150bf6e9ba775a
Data/Video_V/V_DRONE_021.mp4,.mp4,574718,323c40cc639161ea537c48a6992f104d08fea53bed1880bee71d8c4ae186e3a2
Data/Video_V/V_DRONE_021_LABELS.mat,.mat,15670,7d9b1a99cdf70d2a804c83cdcb0afe29a944bc59964750ad3778443e6a94f63b
Data/Video_V/V_DRONE_022.mp4,.mp4,73056,b9e81d277f2c2cd9dd15adbc70aa62c61ec7488dc69e7bc734c5f040c6ff5308
Data/Video_V/V_DRONE_022_LABELS.mat,.mat,14886,59726905827d262be9eeec5ea69c5b3acad33c39b727dd419585fc4160828d90
Data/Video_V/V_DRONE_023.mp4,.mp4,93958,5750b18edd6c4ad622baf8ff4215cfd6fbf422d212ee688aa55c055ffada94ed
Data/Video_V/V_DRONE_023_LABELS.mat,.mat,14912,652b08bf1bdcacb7925d6f1c8205184aa9678fe9a62734a0637171487245e6d0
Data/Video_V/V_DRONE_024.mp4,.mp4,55861,51a48c0214dead7dbfd9954ee9b3348eb258d29328c06553a8222b95157bc360
Data/Video_V/V_DRONE_024_LABELS.mat,.mat,14944,bf05fec6d310064b4cfec6656dbd29990e28f2009860fabfd6d7ba629c1ff1d8
Data/Video_V/V_DRONE_025.mp4,.mp4,103984,ca4b8485ece6cfe45e11242f0d72548747e23206edbc88949c02d1385ae9944d
Data/Video_V/V_DRONE_025_LABELS.mat,.mat,15554,152be37634103c07bcde4d7d6eecbb8167391fc22255262f0817ac95240d00c0
Data/Video_V/V_DRONE_026.mp4,.mp4,104821,6e4c40f5a4b0c272b23d1e6e958530f4f67d879c950203ccd76a02a042b9f203
Data/Video_V/V_DRONE_026_LABELS.mat,.mat,14367,a169882ce537df9db5a3e3465f7276af6784f09676ce736f9d963ceb99bc2e65
Data/Video_V/V_DRONE_027.mp4,.mp4,236707,ae0e55cc59c9f7be52fb3108d622af6ff2b8a3119ac986f4c14d8dc44fce0806
Data/Video_V/V_DRONE_027_LABELS.mat,.mat,14885,36674a790164dc37e059ec06400df501c7304adccb75e4a1215ea6c8d8591745
Data/Video_V/V_DRONE_028.mp4,.mp4,113009,6701f4df402cddc285b3b3cf4be64d63d2fc91d858366d3ffcf84238c232d8ac
Data/Video_V/V_DRONE_028_LABELS.mat,.mat,15024,8283289e6e3d901315f66f6e59d16ba1c67d342b57146946e8c51cd003a959fc
Data/Video_V/V_DRONE_029.mp4,.mp4,105453,2b0d01cd88bce7be66014ce7bf7641ec63d20348e9ce5035c34f88a65cabe9a5
Data/Video_V/V_DRONE_029_LABELS.mat,.mat,14948,f3cac4a1f5079f109d44babd66d745d8b0bd014562c4250c8a32a4e7c241ed81
Data/Video_V/V_DRONE_030.mp4,.mp4,108220,5123d21a3e333feae98fc58b8bc991cc9426efe66a6352c962380bc8e30e0935
Data/Video_V/V_DRONE_030_LABELS.mat,.mat,15149,5a533fd5db65552d46f004723e1c15ccef334b978b16c7a80c2809a27e3b0b77
Data/Video_V/V_DRONE_031.mp4,.mp4,116318,b350e2417d4940a4bfdaf8391a5c3de16a4ade286b2c9f03083e4f1743a19e84
Data/Video_V/V_DRONE_031_LABELS.mat,.mat,17642,8af13f42a71ba8ce868b7727a009e1ee4569f6cbe258a3b7c77778d20b5514ac
Data/Video_V/V_DRONE_032.mp4,.mp4,114560,934a8723663b2d3ea5505f4ca6639dc3829a4f8554cb0b695f0491aa12e71834
Data/Video_V/V_DRONE_032_LABELS.mat,.mat,15811,214522be5d3e293b1f2812d6b70288a9fc3a80141de01c539e908195bad6238c
Data/Video_V/V_DRONE_033.mp4,.mp4,103052,784f1365d7db9e9522d3ad7fd121bc3fe4c7bd65d0c50ada9e844b162a1b6d96
Data/Video_V/V_DRONE_033_LABELS.mat,.mat,13804,33f58e0962f72568190b9ea1606f0e0e6248c4f49bb9b77c9b3d2bb873ee25e3
Data/Video_V/V_DRONE_034.mp4,.mp4,105975,3692cd5c33497f60ff3bc6e08e5117bb0148eee94f7648c9143958e96938d83d
Data/Video_V/V_DRONE_034_LABELS.mat,.mat,15071,08abc09acdb70eadb7340d7c81884b8652ee0cf903bd1105dee1e45eacf94478
Data/Video_V/V_DRONE_035.mp4,.mp4,107159,1c6a97534014ed5f24d995e511b114bf9afbf7288108ce463091d8e79cce0859
Data/Video_V/V_DRONE_035_LABELS.mat,.mat,14838,ed58d5d64110782a25a23d2f2a33ecbd622c19a35f7aa6a7e0bd866523597a4d
Data/Video_V/V_DRONE_036.mp4,.mp4,226798,1dd329a43fbe5396d41187467ae0dbd3ed7dbd6ba2b138041bd3ed81fe25aba6
Data/Video_V/V_DRONE_036_LABELS.mat,.mat,13507,20afe1dc1af3a88655ef15d7ee703aa773019752133e1eaf0c1f5596c63c87e0
Data/Video_V/V_DRONE_037.mp4,.mp4,107126,a4e6cb2461e5528408d31dab699836623d6909231bb2aad2cc7e711829b9fd4b
Data/Video_V/V_DRONE_037_LABELS.mat,.mat,15096,d76fe51ddd7c345cbce8a64b88ac8e8720fc02e0707541f9da7b554c676783a6
Data/Video_V/V_DRONE_038.mp4,.mp4,243367,4c7e5a9d6f6a48f25f1fc5c2b49a83ec625bef2c8a96bf0a938536f7b3362339
Data/Video_V/V_DRONE_038_LABELS.mat,.mat,15180,32addcfde86116f74f0694bf19006bc7861a45d233db4f24cf9d9b159befec74
Data/Video_V/V_DRONE_039.mp4,.mp4,103007,be8f122c417d0960dfdcbca635d7264591e517fa5b4c8c05456b2fa0ad01d603
Data/Video_V/V_DRONE_039_LABELS.mat,.mat,13338,f582c486db967dea866497832aada18939af281f4e6248efee965e42b6e3c811
Data/Video_V/V_DRONE_040.mp4,.mp4,320677,566a3c3431aa126ea192d6b6f2dd10806df367d4efba5659eab48da76c5e75ea
Data/Video_V/V_DRONE_040_LABELS.mat,.mat,14203,954d3f38b073ff255d68b9715fb900c9c7b90e2e648292bf5728504bec0c247a
Data/Video_V/V_DRONE_041.mp4,.mp4,106674,17ce12c6ec80426008f301c235fbe17b025e27e93d55a396ed09939514bae7b8
Data/Video_V/V_DRONE_041_LABELS.mat,.mat,15943,b949540432388cbe20b5bf52038cc5647c87103f93146a520eadf9b60395bb39
Data/Video_V/V_DRONE_042.mp4,.mp4,123273,5c6ae1a4da7074f7407d50e5e6e87213fda353699fb40505c63c0ed08e4519f3
Data/Video_V/V_DRONE_042_LABELS.mat,.mat,14754,9b668015abe7398948b766d4f06c9a4248825a68a44fb6f8a24b429222b977d1
Data/Video_V/V_DRONE_043.mp4,.mp4,97691,c929f6dfaac3313a70d4189caa0d1fa5e23e4d4971672189cfe11d38df8dfefa
Data/Video_V/V_DRONE_043_LABELS.mat,.mat,14504,f258bae14df6c0df8669ec04866c74673f56af625ab61c95a3c80c90fd0535ce
Data/Video_V/V_DRONE_044.mp4,.mp4,91357,d4b54f9f0e48ec5b185ddc93454dcd5575035415010e6e6f1ada2c17feb0115d
Data/Video_V/V_DRONE_044_LABELS.mat,.mat,15155,d37652f6bc57162ffd3db2cff495813975c5e9abf3b5685f247cb5177dad8030
Data/Video_V/V_DRONE_045.mp4,.mp4,980225,93c6adb0f875c28ddf1f9576bad46b98b4b9f69f3aea252098c25259ef20bb5b
Data/Video_V/V_DRONE_045_LABELS.mat,.mat,15300,dc9bd02a3dc98777bc42c0ad34edff2b3d0aa199dc95daae4ba40ce26e4bb391
Data/Video_V/V_DRONE_046.mp4,.mp4,1231775,cd6457933b5b6664cb97630b3a102e64e8eaf4a209aef094038e97156fecec3a
Data/Video_V/V_DRONE_046_LABELS.mat,.mat,14600,284f1d207961ee8971fef557b805c9efef35b1be8204c5b3278bc3dbc794798e
Data/Video_V/V_DRONE_047.mp4,.mp4,952220,1f0f4a20c995f679895643a3753764ec0dfa04c0bec6ebc5f17e82ddb05b9938
Data/Video_V/V_DRONE_047_LABELS.mat,.mat,12286,f53a70a1bc1c862696acc370adfbf6068ecf9a48fce7dab556f4f2d7fc4bd60a
Data/Video_V/V_DRONE_048.mp4,.mp4,991992,179a4abe922bdccea18d4e6388f7f2c60a7bd941b60aef00c90e3202db8ccb8d
Data/Video_V/V_DRONE_048_LABELS.mat,.mat,15032,7d993276c20caf48495d7d179db5fefb059e06b1d4368e90cd4afe501f512b06
Data/Video_V/V_DRONE_049.mp4,.mp4,882604,4fbae7bc202cdba7250fd19ee88384d807b8ab32a7070c794a7ee864023ac440
Data/Video_V/V_DRONE_049_LABELS.mat,.mat,15299,c6beb67340bc459337379e7d1abc43fd3f7438c5f481a474c2febc7eafaa540e
Data/Video_V/V_DRONE_050.mp4,.mp4,892503,f738c22da3beb6322ba1b415121b6eb4e62d6e43f41c0e8ea9628fc9f1bd88c8
Data/Video_V/V_DRONE_050_LABELS.mat,.mat,12330,e44623f86c45039701bc908de43853a9e769212cff7eb2abdf956303c36ab160
Data/Video_V/V_DRONE_051.mp4,.mp4,918247,01c49506366d2b8f273df4951bc8546e2f0b5920203f815589950d90aa5b53d7
Data/Video_V/V_DRONE_051_LABELS.mat,.mat,11963,8868b000c7425f763691830ae8baa21e585fee07be48a5da81839853c6b40af5
Data/Video_V/V_DRONE_052.mp4,.mp4,894531,2cd66b98e5ee9364cf5d3fee2f34e19a726febf17523edac3400deddd075239f
Data/Video_V/V_DRONE_052_LABELS.mat,.mat,12086,8ed336f0c3980fce6165e58342364c89195d422600fe313544faedc4b2a25855
Data/Video_V/V_DRONE_053.mp4,.mp4,232822,bfeda158e91d5fb95417526559e3efb79648116a11e2fb1f285f2838f01551b4
Data/Video_V/V_DRONE_053_LABELS.mat,.mat,13370,5bc6b727ea723212af5adc61aa765b053b14167c91f708008bc3c8e908fc4cda
Data/Video_V/V_DRONE_054.mp4,.mp4,260021,375423e543076b96ff4b9882bd75be57635e5b43e47bcf3b898fcb7d0b56a2fb
Data/Video_V/V_DRONE_054_LABELS.mat,.mat,15228,21f949e589e6a76f0ab3bfb034c91b2c4653cdcd350f99fa790544bc4ccdab1f
Data/Video_V/V_DRONE_055.mp4,.mp4,209208,8a027b7ae48b824a07ddc821215dd425682c405f62e6ec90c84690fa1e7e46d4
Data/Video_V/V_DRONE_055_LABELS.mat,.mat,15227,b0b7338ec51a7b92baccc1b2bffc5dbf8443821260f57e45c24b783ce2542e73
Data/Video_V/V_DRONE_056.mp4,.mp4,212168,d11bef80bb5ffa78f0a2b0052baec49d35fa113df928f1824ec6d0d84478411e
Data/Video_V/V_DRONE_056_LABELS.mat,.mat,15415,b3fcf95c3ea6f84dc97392c0302497ad24a0c7df3c2a84c0f22df0f9e809cd0e
Data/Video_V/V_DRONE_057.mp4,.mp4,217021,387427e421adc515ba301d6ce856f6eafbeb0d62d537e173ca5f19b908999666
Data/Video_V/V_DRONE_057_LABELS.mat,.mat,16163,4a8c6246601b5c538fe29192d083370aaae63c70e0853c0f83ea94ee3896daeb
Data/Video_V/V_DRONE_058.mp4,.mp4,208006,ebbc58124258a80c67945256304d712332a914331b5ceb5d806aaebf3dcb942b
Data/Video_V/V_DRONE_058_LABELS.mat,.mat,15119,e961aa3371e050c45c77d364502c4dc71f61231171a4c9d9527f1695a43582e5
Data/Video_V/V_DRONE_059.mp4,.mp4,219726,571822727892aac2941b01a3dc25125f4c6d1a695f66740ee25b498836b09c4a
Data/Video_V/V_DRONE_059_LABELS.mat,.mat,16165,7564422c6588b78408e4d9ce266f163c9c424d7c7659c072966dc65899af708f
Data/Video_V/V_DRONE_060.mp4,.mp4,211558,3c4a22a69c58e448ba8b85374ad62bc2acc6b7e7242c3527d26b8ee00c47fb7c
Data/Video_V/V_DRONE_060_LABELS.mat,.mat,15194,4f9b46255ea45c5c1255dd2924a1772ddb41d41dc69ad66ce534338af5db03d0
Data/Video_V/V_DRONE_061.mp4,.mp4,204598,e5a60995a66fd154349d0c09a7fe4a5ccecabd2767c522854344947ab77c8396
Data/Video_V/V_DRONE_061_LABELS.mat,.mat,15346,f23dc65e99843bbec15a627a1bde4471f18c600a600516bc3a6893ade4209467
Data/Video_V/V_DRONE_062.mp4,.mp4,219811,65edba5f28c2bbf8320a8b883ccbf4c885941a808b8d992e4959966d3de229a7
Data/Video_V/V_DRONE_062_LABELS.mat,.mat,16097,8a3296aae76f24b3fa0abaf949ae4aea145f375edbcf9373a3d031ba105b303a
Data/Video_V/V_DRONE_063.mp4,.mp4,207565,563edfb08a6cd621e162d3aa9031a03733c837526175584881f9f2a944c0e416
Data/Video_V/V_DRONE_063_LABELS.mat,.mat,15030,ff4facd66e24e75a48a1abd1b209f78a70a304006a620aed79d3c69dc533cdcc
Data/Video_V/V_DRONE_064.mp4,.mp4,212799,ffe6fe39dbc8c8afb056cc12ca5fd33f86c0abb07f5fe53f5125866afe40a23a
Data/Video_V/V_DRONE_064_LABELS.mat,.mat,15706,353d1df4c794e7623c957c0ead36aefd4e2805ea73b15989a83199f74077552c
Data/Video_V/V_DRONE_065.mp4,.mp4,216629,58284b0b04e191cc38dc165a6f4dcda617270342ee865e5732f2c91d13dab0ec
Data/Video_V/V_DRONE_065_LABELS.mat,.mat,15941,2b76185bce5f91c50a5b73732205c94f4062b61d0d88e05ef40218bd6157a18a
Data/Video_V/V_DRONE_066.mp4,.mp4,207029,7ee66b6948a423b8534fb4dee5bfda31011224dead3ebc6d085712e8b4521cf7
Data/Video_V/V_DRONE_066_LABELS.mat,.mat,16077,dbe18f6ed8921f039537b4260e633d729ab4fedb4ace13cc48c4a9a575306b19
Data/Video_V/V_DRONE_067.mp4,.mp4,231140,21efd11144333e30067c137dc4fa1910518a492daf25c61a8effd684dad2b454
Data/Video_V/V_DRONE_067_LABELS.mat,.mat,15945,7745d6532d56afb9eb3fc4a4d58b92d8d7f2ef975c473a074f069dba4c71df36
Data/Video_V/V_DRONE_068.mp4,.mp4,219371,f927f649804a149278a5c89060d1fa7a7804bc44658f311112cc13eb2cc8a18a
Data/Video_V/V_DRONE_068_LABELS.mat,.mat,15509,653ffd276cdda7e5f49db9012374581a949bd29e7fd756368d266f7db8fe1a19
Data/Video_V/V_DRONE_069.mp4,.mp4,215567,a0c85a2fe5056351c0f6687cb7a0d2241fceefc624e7a4da157741a5a295426b
Data/Video_V/V_DRONE_069_LABELS.mat,.mat,17160,02f0fcae5e87d0b3eb12e7d486c55fc5dc7869443e992b0c860ec5f293305311
Data/Video_V/V_DRONE_070.mp4,.mp4,199921,d2e4b30717a71e2790790517d83df635f15c2ed1ab0c943607afa4eee9245e9c
Data/Video_V/V_DRONE_070_LABELS.mat,.mat,14825,eee3f844573222c79909913e8d3e3557251211cb75581d1f7212f3323343ef4a
Data/Video_V/V_DRONE_071.mp4,.mp4,202300,be096ea6a237dc887368b19776d48457ac6f7e10deee612767b6e0c1b6440f55
Data/Video_V/V_DRONE_071_LABELS.mat,.mat,15121,1bad437395dee71085b5f9c0a4bb88270f0e965ce0b216085952a61ec09c8849
Data/Video_V/V_DRONE_072.mp4,.mp4,226119,df636534ce23fc040e7daddb39d321d6c492b411dc596b5cdfc560f66e6fde1c
Data/Video_V/V_DRONE_072_LABELS.mat,.mat,15269,32baf557d17dae7d630ad4c933058ce90428d10326accc4be26e451c481c13c7
Data/Video_V/V_DRONE_073.mp4,.mp4,196537,8f9019413f1893fe614efd0d48ad7b162f72448c05458bb40edf6463e818e8f2
Data/Video_V/V_DRONE_073_LABELS.mat,.mat,14053,1fa0a99b0775b27ef178c671bb37559b3cbb0e06d787990eeb152e118488dc0f
Data/Video_V/V_DRONE_074.mp4,.mp4,207290,af1bc36b4e121796e45085eb750833d24d3675d3369839eb3d8441d7d8d49262
Data/Video_V/V_DRONE_074_LABELS.mat,.mat,15553,c808eb3b99f6c12b1f55595dca1e6e8c331eb1634f6f24ebf1a6a6c78dc9c69b
Data/Video_V/V_DRONE_075.mp4,.mp4,243668,595dbbb79037cd1600cbc3ae1048984fabf9c4ec23678a04ae946efe369c37e8
Data/Video_V/V_DRONE_075_LABELS.mat,.mat,15561,10bdb9cfa580c0b5a0af05b23f3eaca121f48f34a88cbefd14dac553a70d89b0
Data/Video_V/V_DRONE_076.mp4,.mp4,240340,23363c4c705b8683db71805fa48f225985cfc5e02d22d0c3a3bd12aac6eda1b3
Data/Video_V/V_DRONE_076_LABELS.mat,.mat,14884,c85b29ca60ec7d38f39f5529477a6c3615bbe24b2151d986326b506d5c739412
Data/Video_V/V_DRONE_077.mp4,.mp4,220112,bf82aae04811454ac7419be14edc0ee28049a198e1e0cfe8ed712fff3c4f69b9
Data/Video_V/V_DRONE_077_LABELS.mat,.mat,15510,600024b6bfa135b73386737e3cfeaea8ccdc527722026c1cb4451bf2ed9bb379
Data/Video_V/V_DRONE_078.mp4,.mp4,230169,91caf84e62e5729b1a03e3dcbd3121b38d712735ecbe3fce9735391854ee2598
Data/Video_V/V_DRONE_078_LABELS.mat,.mat,13238,9b193318cd5f0aea8a20cb9a2057c8d5201675f2c932b2e41435cc992c14c9ec
Data/Video_V/V_DRONE_079.mp4,.mp4,203446,cf41d9db4b836e8c340368283fdffd11414ebd987f97d2996364cc65271ecced
Data/Video_V/V_DRONE_079_LABELS.mat,.mat,15273,af4f89d40096345426af7b076eba76b7871e0b70c06c4c67e0cfcceb3b5d9566
Data/Video_V/V_DRONE_080.mp4,.mp4,235107,13b81b3a6debe057d084b1f859e5f2fc59705c4efdaab1a543cf955df0ce5af8
Data/Video_V/V_DRONE_080_LABELS.mat,.mat,15165,a20735924e3a4ea8523121170b33352b396b65f2283e66d3d8ed30d506b29ae5
Data/Video_V/V_DRONE_081.mp4,.mp4,210235,3e5e14a2c353bc343c9b6a50b66ceeb390e5ee363dbbc0600bfa234edd83722b
Data/Video_V/V_DRONE_081_LABELS.mat,.mat,15176,a303bc818c5c4af7bca2e7c713fc71bb14c9c635b2c63a44c2250cc6623d7720
Data/Video_V/V_DRONE_082.mp4,.mp4,194744,a3634d9312f4a77bd23b1c24821bb07ce60536ed4c8c83b593a33a861c336666
Data/Video_V/V_DRONE_082_LABELS.mat,.mat,15192,013f72fb6ffe66de91c9b1648d3ce0dbb4ca6bcbc41f9979348b0f189c332c26
Data/Video_V/V_DRONE_083.mp4,.mp4,204878,bb9a9a29f0ad263390660d94a54e8267f8f49a1db488cd7311ddd06bbbe80dea
Data/Video_V/V_DRONE_083_LABELS.mat,.mat,14955,3c8d9d1d67ffd7cb0ba61c1131d39a4242a07b02a557e5d42dac200d840479fb
Data/Video_V/V_DRONE_084.mp4,.mp4,204534,1d4dd504143efdc97f4d4afccacc13e306cb8c302c0bfd12a24ea22cecf168cb
Data/Video_V/V_DRONE_084_LABELS.mat,.mat,15250,d55af020be1b4e4b31f1b8ac124c3b2832c1c556148d49c3cee1a5315142e084
Data/Video_V/V_DRONE_085.mp4,.mp4,202205,cf396f6478a5e87b940f72e00b1dee12258136335947b79ee7558220827a80e0
Data/Video_V/V_DRONE_085_LABELS.mat,.mat,15213,bc2d2de237eb4c6c244ac6ab59ed0a85d0121259e059d3167efaaadc4ab7c72e
Data/Video_V/V_DRONE_086.mp4,.mp4,231255,da880d7858994d442908a77ef1386f2dbcc2feed5d52e46d34063ba68c05e9a1
Data/Video_V/V_DRONE_086_LABELS.mat,.mat,15200,371f6eb14003f038719274695c0c001248f0c4189669d5068c059a10a402fe8c
Data/Video_V/V_DRONE_087.mp4,.mp4,224884,53859e899f2b974064a652e6a2f5b66ba43bb87b8d891b59ebbd7f8a2939e32f
Data/Video_V/V_DRONE_087_LABELS.mat,.mat,15201,055a96ba0b344be7bc63db49f019d752a32c201e92162734995ea404f5ef0b4e
Data/Video_V/V_DRONE_088.mp4,.mp4,201198,0470e31db0a06788f5c1f5992435adac66d890193766668865094095963791ac
Data/Video_V/V_DRONE_088_LABELS.mat,.mat,15733,26c197b452bba2ee8200ebcacb4e10412c84f463fff7ce4ac4016aa984d10df9
Data/Video_V/V_DRONE_089.mp4,.mp4,196304,017bad0ae3a4dda0969c0fa9430b92d99e48daaa5f415e9dd933f11c7b7bf41c
Data/Video_V/V_DRONE_089_LABELS.mat,.mat,13751,371197ebf9201038afbda910d11a8af02638201ffcb2e6bb05859df8f04cae6f
Data/Video_V/V_DRONE_090.mp4,.mp4,200356,282a89eb1af3c9348599926c982b74630e1e0fc059bc4d29cfaaeb8a5be4cddb
Data/Video_V/V_DRONE_090_LABELS.mat,.mat,15333,7d5c8d1653102e3a137dff49bb3f798d5de4dca02d84343f07b032a51a99be85
Data/Video_V/V_DRONE_091.mp4,.mp4,240295,b0ca8b7a3d6d48b0d27e8a54a68e78a53025173793bb4171f241f895e5cbf20b
Data/Video_V/V_DRONE_091_LABELS.mat,.mat,16232,fa7fe073ef6cce3dda79f982ffdc215a24d6b97701af836b3c3f909fe5fb5a46
Data/Video_V/V_DRONE_092.mp4,.mp4,230184,d3af355eb7cc822aa233ea4c204ba0d5fdea5c3f6722a937f282b45a8ec4f2c3
Data/Video_V/V_DRONE_092_LABELS.mat,.mat,16104,9d641605f8b388ce64d86491046b04ed8e4131895e4cb92b5aed9c832b75702a
Data/Video_V/V_DRONE_093.mp4,.mp4,204797,fa447b6b6e075b9936e7092670f782ad51063d360a44ee06b4b4f9540ba8610a
Data/Video_V/V_DRONE_093_LABELS.mat,.mat,16458,996a662eda68986917989b992b30b302d1c74405b7cd11fb11a559a2057941d9
Data/Video_V/V_DRONE_094.mp4,.mp4,190193,bba7e41aa19d18a952efad4dddee920b49aef51ce9505e03fab85d7f29013a18
Data/Video_V/V_DRONE_094_LABELS.mat,.mat,16073,bff78ffd0b1d72d5042aad4749ed905adf4596686e7363e75944c2660fc85340
Data/Video_V/V_DRONE_095.mp4,.mp4,208744,6685a4a73d5dd71088aa6aa68b480a864d66c2d9e1a504925c7d7346e45da741
Data/Video_V/V_DRONE_095_LABELS.mat,.mat,14717,41de672cd15758582aefce82e76d12ea0eebfa46efc81839a85fbfc355840af3
Data/Video_V/V_DRONE_096.mp4,.mp4,270700,b1a750f0852f7c64f6a86adcd5eb4f7d6cf46a71ee88367e8cc195f75d1ce9b2
Data/Video_V/V_DRONE_096_LABELS.mat,.mat,15197,5b99b0ad903caf00a49f6222f7a5059a746355457628efa2503c888190e84389
Data/Video_V/V_DRONE_097.mp4,.mp4,106288,771cd9c9bd4529ab72e330666d75711f45a473c42cfe504f4785742c92de5d92
Data/Video_V/V_DRONE_097_LABELS.mat,.mat,15318,e46f725a892e3998977d479ee58b33d203435453cf939d08185d98ae92b232b1
Data/Video_V/V_DRONE_098.mp4,.mp4,111267,c6ffb523be0a595adfae1f216e21e49f8b7af779c298bbbe449450852ebb9010
Data/Video_V/V_DRONE_098_LABELS.mat,.mat,15958,0b60ea10915d662d0dae46edfe2f8681f26100d9dacc7ed2575f24f17dae1c2b
Data/Video_V/V_DRONE_099.mp4,.mp4,136438,6c801dde4b477d1c0aad0b9b509930aa1d7f8608469cd3fbd1a82a97f8426c31
Data/Video_V/V_DRONE_099_LABELS.mat,.mat,15562,c80a1eee182c84a80050724a3cabe0e75437c8e3640430ed6290f7038c4eb3f4
Data/Video_V/V_DRONE_100.mp4,.mp4,126926,a278b1acebde0534a61c16550e2b9d1852ab059e4fb74d48136da2d54b5f4e95
Data/Video_V/V_DRONE_100_LABELS.mat,.mat,16393,63fb163603d1b146ae97b3917d83b0425313926861df7237cfed967ed89f7971
Data/Video_V/V_DRONE_101.mp4,.mp4,167457,7a57481c648cf4dffc740e0c17be70653d8b055966f17c6f8acefb3d6f35a7a2
Data/Video_V/V_DRONE_101_LABELS.mat,.mat,15184,f48b7bc23e8fc4cc5e61973b81ab871b2784476e8104f708f54dfabafde760aa
Data/Video_V/V_DRONE_102.mp4,.mp4,130005,b74e8a26e5bf4c2a8f7ac7306ea4a5d26f99e06b9f71a92c8172a4682c2082b9
Data/Video_V/V_DRONE_102_LABELS.mat,.mat,15158,41a7ff8d97849c535bbbc5616962891863f51ace5e6a0ed109f47d5e38073100
Data/Video_V/V_DRONE_103.mp4,.mp4,237764,35a98d9f6a2c8ccc20602e654003d6ee2f58974b867c500d4e242815929b3224
Data/Video_V/V_DRONE_103_LABELS.mat,.mat,18110,40ebbfbbfda163fa3dde99675e7591b9a426e954a23d5b89a354ec4af5d6392d
Data/Video_V/V_DRONE_104.mp4,.mp4,195001,ee2416410652232aee0be455b7f1f5089e360159df0e8924c17d21f2263ccd99
Data/Video_V/V_DRONE_104_LABELS.mat,.mat,17454,09027050d172978ba72c372b86f19426743d0c3741d14271d866795849be9912
Data/Video_V/V_DRONE_105.mp4,.mp4,178548,30c143465b52071227581110ad07b5fa6dea8a3530ebdc5c31d7840f5db4cb56
Data/Video_V/V_DRONE_105_LABELS.mat,.mat,16951,a225f5ee7c83a9b30c7c951a54ebfd0d6508fba45244bf71dbe3ce8dc470779c
Data/Video_V/V_DRONE_106.mp4,.mp4,265350,6539982b5d06c3e6fd823c6e6f741156a324cd0a5d4d9d0642a4bf9dc481113f
Data/Video_V/V_DRONE_106_LABELS.mat,.mat,23938,7290fbe302412d9e59ac8182af2c254340e433e58dbf7a302fc6a5d2e6db3d13
Data/Video_V/V_DRONE_107.mp4,.mp4,220214,a30628359858081c026c8abadb0613f1f76b567546e2d42dc3eedb5febd37058
Data/Video_V/V_DRONE_107_LABELS.mat,.mat,24853,cd931796b7272e926d2bb9c43864e821d00faa96ca84d342cd9001f77827f98e
Data/Video_V/V_DRONE_108.mp4,.mp4,209392,7d7742dd9563ebe6800b9533092a6f6e1c3cd162acc5828605a75ee02cbc821e
Data/Video_V/V_DRONE_108_LABELS.mat,.mat,22117,639ac84ea879ceca922b5fec582dcd14aef5832fb751529e35ff1fdfe671a23b
Data/Video_V/V_DRONE_109.mp4,.mp4,235988,3932889054b87be8d648a866d74fcc84a932ca415eeab06a15f17548299b3b12
Data/Video_V/V_DRONE_109_LABELS.mat,.mat,18312,c46993bbccd193d225505909bc6958212b551a3b048c3e8e32e8b3c79b9a8119
Data/Video_V/V_DRONE_110.mp4,.mp4,261293,e269e609503ffbe2c12d777f852deecd17f7eef5f35632ae066e19613fef5f7d
Data/Video_V/V_DRONE_110_LABELS.mat,.mat,16874,1446b932c3c4d17636e7cfe1e09b2a7f7ff3ab9e18ca4af07fa594426897fadb
Data/Video_V/V_DRONE_111.mp4,.mp4,224436,21048e3ac4f349d4eb7d9c506a41dde91f92a2e31d06e11261c229be7fa6cb98
Data/Video_V/V_DRONE_111_LABELS.mat,.mat,16972,a13f7ab4f2322dfa1435548eac0f31eb49382c425953e776e54932efc5025075
Data/Video_V/V_DRONE_112.mp4,.mp4,171237,2bf58eaf712697932343f8c352f2747dc851af86691521f6363769d008806836
Data/Video_V/V_DRONE_112_LABELS.mat,.mat,16321,d5916c74c13ea83604d49e225d0285eb0ea16f7068ccf9da988f029ed1c48dd7
Data/Video_V/V_DRONE_113.mp4,.mp4,185361,bb82b817c6b6da6dcd4c15f84fab190aa5dbb37a5a5f79f5d4626aa7fec35e57
Data/Video_V/V_DRONE_113_LABELS.mat,.mat,16151,9af4ea4f69893c1bd2594c7d9c814764b86955e2d197e4ba8ee7adf25bd81567
Data/Video_V/V_DRONE_114.mp4,.mp4,212606,5a1a8eae700645db1c2bb27103a239fa63879ed28d0536ba720c76a224284368
Data/Video_V/V_DRONE_114_LABELS.mat,.mat,16734,a8090018d7c4950057b8ecd5642df9aa78fa95a8965d823973f5ed879fd4279e
Data/Video_V/V_HELICOPTER_001.mp4,.mp4,351761,027e197f3c7872b495163bd30eb39c7b8fef4c4aef15cee01f170da46825046c
Data/Video_V/V_HELICOPTER_001_LABELS.mat,.mat,15166,783eef669ea1c8937f69501f5d9948050822b6d8e093f9d773a032867a862632
Data/Video_V/V_HELICOPTER_002.mp4,.mp4,222877,af9d0d36307a54df7fcb3f25f6c8938a6285b79fc771d7e6b866a77bbcb8d7e9
Data/Video_V/V_HELICOPTER_002_LABELS.mat,.mat,15159,38b83f9323e749724da0c8cfb6557832a487313a5e65ff72bb6a11f370826533
Data/Video_V/V_HELICOPTER_003.mp4,.mp4,141421,2de15f9a234db7138e4622f3560721f416266e4ec397e1f7986bc98485f65ff9
Data/Video_V/V_HELICOPTER_003_LABELS.mat,.mat,14553,f648e76b884038b02a686806cb9a3c4520ca38214af4bf223feed97ff6a00692
Data/Video_V/V_HELICOPTER_004.mp4,.mp4,93602,7cb2561d567d62086bae684cdd392eeb4c77ee33903a3b068793a6d1a5ef1781
Data/Video_V/V_HELICOPTER_004_LABELS.mat,.mat,15016,96da6e92bc1d2075e8a30c51d1a8265efeaaafd3c74ac1fbf7e68f9ffc046c8b
Data/Video_V/V_HELICOPTER_005.mp4,.mp4,181754,c343272a479e48720ec41c795ee2103c389ac744713b81407a4c5e7175bda0d1
Data/Video_V/V_HELICOPTER_005_LABELS.mat,.mat,15154,8b7fa30fe806896555bef4760642d9cd2f1e00e7eafe62fc4ffa8c31016e25ed
Data/Video_V/V_HELICOPTER_006.mp4,.mp4,123041,97aca4443de9132a690e160c87ef45d56258fc5074a5e48647a699ec0efd6979
Data/Video_V/V_HELICOPTER_006_LABELS.mat,.mat,14376,b9fd809f38d8dabc65efdcf1535bd0fd5027904c1eefdc76c9665b722d3a4c65
Data/Video_V/V_HELICOPTER_007.mp4,.mp4,594450,aa0a649e28deba8f907c3670a8d7f27e0f45bad553bcf3fcf42208bf21b90418
Data/Video_V/V_HELICOPTER_007_LABELS.mat,.mat,15074,79f6a769a7bb47930e9e18571f1c6423b12a1973f8df2e93e231a8ebde38a30e
Data/Video_V/V_HELICOPTER_008.mp4,.mp4,977182,43fb8f8241de36c6227b0c0db2eaf95a513c43036e77f95ba1d0e58d2a139311
Data/Video_V/V_HELICOPTER_008_LABELS.mat,.mat,14545,e2bba0c528b1be99c067857102994810ae85c4f529c575ad29b2155e3e83db45
Data/Video_V/V_HELICOPTER_009.mp4,.mp4,730399,324c7e92fdc94e13c02ae6e6f077b257d608afec625d9be3e4752d3bcdcaf0f7
Data/Video_V/V_HELICOPTER_009_LABELS.mat,.mat,14559,e784c2d2abe20b5821848162993d3ded88e315750cbda27b4533a4bdcc4b5761
Data/Video_V/V_HELICOPTER_010.mp4,.mp4,563391,0cccf0670a67068de94689df46d2c865af67f65a4f508e8dd89852345bc2a6ec
Data/Video_V/V_HELICOPTER_010_LABELS.mat,.mat,14705,ec36767066c5636a141fad3fe9eb4539eaee7ae7ac2513a15a7788fd7895f03f
Data/Video_V/V_HELICOPTER_011.mp4,.mp4,124430,3475e7cc97cd3c6ea45e8b637d922ef8a53a5ff3978c74ac9631f6bf3f3e307a
Data/Video_V/V_HELICOPTER_011_LABELS.mat,.mat,14865,4f9d8f07a8396a8df442262d84c02995c6f25c2b762974660c4852ec8da48f5a
Data/Video_V/V_HELICOPTER_012.mp4,.mp4,134792,80dac9af571926d4a38b65049d1d24adf4fb621adb87c8f639b6993964a20181
Data/Video_V/V_HELICOPTER_012_LABELS.mat,.mat,15246,4b7e673c4e453c58541f406fdd9da7047b391f6f664b223d4c004befe8633b06
Data/Video_V/V_HELICOPTER_013.mp4,.mp4,304774,18ecbc7499aef872cb7175974ff98946a6f23d236d816f6d8e5c0c0d988fe78b
Data/Video_V/V_HELICOPTER_013_LABELS.mat,.mat,14578,d88bc95899c4c2b98d96e5ce8412f473b5afd61212f6c6d6b1f760d88b85cdfe
Data/Video_V/V_HELICOPTER_014.mp4,.mp4,213162,5a7d195cb99b4478a3089f9c6041b3c1e1bfb9fd31ab1c8db604e7455a57a4a5
Data/Video_V/V_HELICOPTER_014_LABELS.mat,.mat,15105,3d76124ecb39d804484285651c9d07a78ee86ae239485f81b7896fc97ad93da3
Data/Video_V/V_HELICOPTER_015.mp4,.mp4,197056,1c61e1466ff7c67d0160159a22e247c5e857cb4ec7974f992203e12199d745e9
Data/Video_V/V_HELICOPTER_015_LABELS.mat,.mat,18147,459f2c45740ab8b65643cf126ec9e3aa0f7095b17f9e4969b572d7c69325290f
Data/Video_V/V_HELICOPTER_016.mp4,.mp4,739229,a046ad3232ac819a17827691c53138243bb1506eee7b1d3a3c32004173245701
Data/Video_V/V_HELICOPTER_016_LABELS.mat,.mat,17675,25e091c9720c0e6bc02b9731ba951df3617b26d8b34b7875012a825186385f9f
Data/Video_V/V_HELICOPTER_017.mp4,.mp4,504229,217b2d98fcb7db821d0d3d2cc4269ba039c4a6fb110d4db5d5f4cf22562ec250
Data/Video_V/V_HELICOPTER_017_LABELS.mat,.mat,17945,efcd6e5725a4d5a4428e9bb2fb26e7b105f917152abd91a87dc94610ba319ec6
Data/Video_V/V_HELICOPTER_018.mp4,.mp4,831682,75b5746e9f96d42c22f0a23b16dca46e92f486b99860f465f3ff45be749ad925
Data/Video_V/V_HELICOPTER_018_LABELS.mat,.mat,15865,d495ae0be804db70d847fea6d7344c3c99363bb1e2cd1bb7f97086b7b61839dd
Data/Video_V/V_HELICOPTER_019.mp4,.mp4,1283893,376f7e7a3967fb3f5c8fe55de6c612434d5fa04a83c7af7efc633e48b1e94419
Data/Video_V/V_HELICOPTER_019_LABELS.mat,.mat,16381,b0949cd410bf1a3fcf2185a2f90487a80396143f9264473603a4aa8049221046
Data/Video_V/V_HELICOPTER_020.mp4,.mp4,243480,166d6466013897b43cfb8e28998ab700f073170e6bfea60ee767c7e4936cf349
Data/Video_V/V_HELICOPTER_020_LABELS.mat,.mat,16066,0180bbe25b61f76b9dc5072611d2d8e8ea92c5c199c285296a53af4e1a22cc94
Data/Video_V/V_HELICOPTER_021.mp4,.mp4,176338,fe0b1419c9d03ffb4dac6d26bdea26bf93a48789be52223e39703807a8be21ae
Data/Video_V/V_HELICOPTER_021_LABELS.mat,.mat,15556,cf564e02e5c9785a989d8be5652ec783e5a97e5dc062ba91d14bfe6f9e64afd5
Data/Video_V/V_HELICOPTER_022.mp4,.mp4,242342,f261d8d8d525f6fd3cd97d1ed8e72e4a4e5709ab1c42524652587b0fb162ec58
Data/Video_V/V_HELICOPTER_022_LABELS.mat,.mat,15080,fc91f70580f4a197580a2d85236ace90806673825366fd18572f52f91882df84
Data/Video_V/V_HELICOPTER_023.mp4,.mp4,160093,0d46f8bdbfd4c19f87b8f47b300258fafac16e5f74112927b886cd893f7d7858
Data/Video_V/V_HELICOPTER_023_LABELS.mat,.mat,15507,dddfcbcad770e1b9285d448346e39de1ba0c82a2d830bfb033b4e733df01d69d
Data/Video_V/V_HELICOPTER_024.mp4,.mp4,163665,3a98243514ddc729c655e1417731d5da56412b0e35d3cf6e1353023210ae8325
Data/Video_V/V_HELICOPTER_024_LABELS.mat,.mat,14850,78c06da81dc5fb527c11a72400897f8e527a7ef1f720ea96891a43e2167df294
Data/Video_V/V_HELICOPTER_025.mp4,.mp4,494916,4439939f50a9ad5cb5eec37f2fbc630818707538f7c0133d0b36638affce357c
Data/Video_V/V_HELICOPTER_025_LABELS.mat,.mat,15189,e44e5c765bc486753d1b9808ff204e969ffbe95111f56cc558914aa0a9db422c
Data/Video_V/V_HELICOPTER_026.mp4,.mp4,857811,88f3f59dba72635456f8b668cc3a1f78bf4d39f9e1ff6ad171c7a63112295f0f
Data/Video_V/V_HELICOPTER_026_LABELS.mat,.mat,16163,e85d48586aba0e212d5a1a49f17f2965878c52199f567eeeb46626af8622862c
Data/Video_V/V_HELICOPTER_027.mp4,.mp4,318060,f7d2e7a209f60f71c9e13597fb5ebcb9089dbd7616b22152b38853fb16048283
Data/Video_V/V_HELICOPTER_027_LABELS.mat,.mat,16198,541923efac4226d711e482f4a21dd1e2403dfd40e8009c881ce0d17f63f2af7b
Data/Video_V/V_HELICOPTER_028.mp4,.mp4,2549540,a143c53c69257ce18da5717bfd11869f7825a51f4b8336c6300983ab04ef9a17
Data/Video_V/V_HELICOPTER_028_LABELS.mat,.mat,19106,c34a30d9faef314bdb70882aab887b41730d48ef26a2405a1539cf433c9322a9
Data/Video_V/V_HELICOPTER_029.mp4,.mp4,3343150,657c7554c143ff9e90d47d03ddca6068b40fd2cb20002b231c7e415a3be33f97
Data/Video_V/V_HELICOPTER_029_LABELS.mat,.mat,19017,3583fc8bae4e98c406695db00f1f5b748dfd415e7107cdc37ab1b32e274e2470
Data/Video_V/V_HELICOPTER_030.mp4,.mp4,1423919,18da7229c61bf1418b45f57b25ee90ec42deff53c2c8f6eb654ebbafffef1bd4
Data/Video_V/V_HELICOPTER_030_LABELS.mat,.mat,16394,fa73ecb393e6020ae7dad8f90cebabbcfc99d3406f9f0e3cbe64fc11b2900dca
Data/Video_V/V_HELICOPTER_031.mp4,.mp4,1053839,865a51e6fb15d62b001e4eb1d698c8e1de6a0affe5b37eecb0506ac1dad32e3a
Data/Video_V/V_HELICOPTER_031_LABELS.mat,.mat,15231,40a20686738314cb56e03aebeabc3f99951916a9532137976aaf136b48c29072
Data/Video_V/V_HELICOPTER_032.mp4,.mp4,1327392,9324b26e787a5c8e2392f0ad3acc2dcbee9e5f2d87ed305701f1b927def6d016
Data/Video_V/V_HELICOPTER_032_LABELS.mat,.mat,18591,8c93e62c95eb5dd5ced19573cfa637f63dfb4f110fe66aed07d5cb70bf8dfb86
Data/Video_V/V_HELICOPTER_033.mp4,.mp4,919233,94d42207037fede59ae885c5eac7d080fa17a3911c655a5471afcb8e819e0789
Data/Video_V/V_HELICOPTER_033_LABELS.mat,.mat,18206,1c547ad3cb356c89128376b766822239237da5231a62b89aa01bab41dd923c3c
Data/Video_V/V_HELICOPTER_034.mp4,.mp4,805082,18b2b6fa1640b748e475453f58d23b9c6e236c9e0fcab5226c77067f63b5ef04
Data/Video_V/V_HELICOPTER_034_LABELS.mat,.mat,16130,a185b1d8b7fb06f80a24f64b2071ebdbe67f7b911f0e3834170961269f102c81
Data/Video_V/V_HELICOPTER_035.mp4,.mp4,902331,ed4b556ff1a8aa0a866345371d361b09b0344f9ad7ee9cbb0777b7ce00615000
Data/Video_V/V_HELICOPTER_035_LABELS.mat,.mat,16362,10f3d1abfbae47cd74274ccc419ff628a2c74e87e50016ac09b708e8e0a6d7c5
Data/Video_V/V_HELICOPTER_036.mp4,.mp4,1064217,ab25ef08e9ced004225d23bebb884358a424c2a953f1a7d60e338c29fe519438
Data/Video_V/V_HELICOPTER_036_LABELS.mat,.mat,19691,827c1851ff13b08d0c87c41e0a123d9b32dafe304f5b6ca05fa433987529808b
Data/Video_V/V_HELICOPTER_037.mp4,.mp4,1077612,0414bb6b690a3e5595e2d521eab507285f9cf81caa1f3c7cd1d0db9ba86fb4e3
Data/Video_V/V_HELICOPTER_037_LABELS.mat,.mat,18868,f5cbe952e83690eab4cf6d2a5cb3a17d395c36c39073f4585b18fd998593830c
Data/Video_V/V_HELICOPTER_038.mp4,.mp4,1211083,7a43728018195b5c08641c981e3adaf809cf9304cca30ece5c6a5028e5bd6a8b
Data/Video_V/V_HELICOPTER_038_LABELS.mat,.mat,19276,3039686560d6c5f0c57b8b94a641e0c3bca94283b6dc6ad970f518b2e2317b75
Data/Video_V/V_HELICOPTER_039.mp4,.mp4,1148026,8802cad818a1d26ea979fdad4ae5f7379268e9ba2b67dec0746aca8a0080a298
Data/Video_V/V_HELICOPTER_039_LABELS.mat,.mat,18329,e38f3785a5b1fc7589f39802619025bfa416cd14b5f6db681b918589b0e5f5cc
Data/Video_V/V_HELICOPTER_040.mp4,.mp4,1391243,df8329a506d45b381ae1672bd169d75a6b16f3af5d66280bccf29b4f4889d0ed
Data/Video_V/V_HELICOPTER_040_LABELS.mat,.mat,31206,29d56a27b481af4f63bdc20113ca79ed476e7bce6a54689122605a079fadf2e1
Data/Video_V/V_HELICOPTER_041.mp4,.mp4,528954,cd844d76c3eb0be7562b894544a62a6ddb2d3c2d5565f492e05a3988c170837b
Data/Video_V/V_HELICOPTER_041_LABELS.mat,.mat,15779,d04dd38c1c26acdd0348fc16254f1b91e5a0804ba05cf5250efe112f0c67804d
Data/Video_V/V_HELICOPTER_042.mp4,.mp4,774307,8207652906f7b822a7fd1837e2477f23da69ec85d7f345a486aaaa2912fa4a8d
Data/Video_V/V_HELICOPTER_042_LABELS.mat,.mat,16442,561edd863143d3d13c54ddb5f7e6d0e9a825690a685820556acb08eed42dc007
Data/Video_V/V_HELICOPTER_043.mp4,.mp4,689124,5f593e3c18f3d8a1bd94fd89ec41b8e6a54013c5b48b1771732f4c4b88d48942
Data/Video_V/V_HELICOPTER_043_LABELS.mat,.mat,16392,93509689c9c84703374596b189308fce687866565ff0f78a34a0c3da7fb7f753
Data/Video_V/V_HELICOPTER_044.mp4,.mp4,768655,8f46b0cd0c2e9d87e04ab5eb0e26ab926fc3521c3e313f9d29efc316e41821e7
Data/Video_V/V_HELICOPTER_044_LABELS.mat,.mat,16473,3a18e12f83d7d24b14a978cc5bcff987abc20b7746626a3cde3cc6d3ae6e2817
Data/Video_V/V_HELICOPTER_045.mp4,.mp4,1610387,0a4d2d5bfcd604c21b3dfb2a15c31dc92999f9668e7eb331b2b0981dfd7edb5e
Data/Video_V/V_HELICOPTER_045_LABELS.mat,.mat,16750,cf8626e95ba22f97bb39a9d82745f32f80c0dd17416375b71a1c0a5b2b1bcb48
Data/Video_V/V_HELICOPTER_046.mp4,.mp4,960084,162db9672d2af2b34bdc8a5e1593bab668f31cf7676e9530d2a52c810050f3dc
Data/Video_V/V_HELICOPTER_046_LABELS.mat,.mat,18024,cb5b569cb4785e5f9bf0e6e854f7ddebf8e9287e7fc0a80f1fbd9f5f1ef15c72
Data/Video_V/V_HELICOPTER_047.mp4,.mp4,799281,6451ae8af0e71dc9fe8b9b2b45f18603045b2ad760f81df26fccbbfbcab11483
Data/Video_V/V_HELICOPTER_047_LABELS.mat,.mat,18849,a4b51c61b61ae1b986ba30815f11643843e77ea7485944d8e93038bc3685acc5
Data/Video_V/V_HELICOPTER_048.mp4,.mp4,676528,469b5d3a7c3b9dde7530cf70d202c2ca5f4807b57e4d00f39566815081fff825
Data/Video_V/V_HELICOPTER_048_LABELS.mat,.mat,18001,5389af4d18d4d9e9e602912d76d6d9d9c708d69114d0deca19a23881634d6337
Data/Video_V/V_HELICOPTER_049.mp4,.mp4,1208925,bdbd2ee5fb4b73364d316f9e0a2dfd2aabf5021afa36f30a58ca0ff33679a09f
Data/Video_V/V_HELICOPTER_049_LABELS.mat,.mat,18555,2f18c1380743dfcb8a0641017bc795809f1982ede04e4e4f01215876fc384f57
Data/Video_V/V_HELICOPTER_050.mp4,.mp4,514798,2e4b748296ce131a758c037037b5899fc770f0b50243916fb605d5930c09a625
Data/Video_V/V_HELICOPTER_050_LABELS.mat,.mat,19300,fa7bdbbc0fddf30d66f28d8d2f10176831ca55e80fc072817ccbd66b8754e798
Data/Video_V/V_HELICOPTER_051.mp4,.mp4,162720,3123ea06c120b329a01610bfa71b13d818d4bae13df8e923fd02515863f1a96c
Data/Video_V/V_HELICOPTER_051_LABELS.mat,.mat,15271,62c264ed875a2852397c345d358998d25bc905edcffc223b1ec0da2ea2f76fea
Data/Video_V/V_HELICOPTER_052.mp4,.mp4,239672,62cdc4d3649d0ff108db8d3ab7263d71c6ea4b559fdb4674fd05b97908268cd8
Data/Video_V/V_HELICOPTER_052_LABELS.mat,.mat,16719,13dd0613cabec82d0636681ef58476d9baad83ef4e04c01be5c0401438e78fb8
Data/Video_V/V_HELICOPTER_053.mp4,.mp4,103124,cf8994d18bdab68c7a7f486b672cd56b5472b16b16376da8f8735b666a90726b
Data/Video_V/V_HELICOPTER_053_LABELS.mat,.mat,18774,98fb2e163bf95a78c8b9747335e71869b98ed2b9fb1b5d1c477cdc295400d114
Data/Video_V/V_HELICOPTER_054.mp4,.mp4,136358,1ac8b2a04a8b686b995d84c3ecfeb2ba418a29aa21d33085decba87cbd4f75ff
Data/Video_V/V_HELICOPTER_054_LABELS.mat,.mat,18146,9da5e639a95e994779e5d2821f6db5ba04ce8cef6d8db17ee300ccc42933fb79
Data/Video_V/V_HELICOPTER_055.mp4,.mp4,388993,f95e4b18ca0e1623f2d6f057de919753acdece09c949799fcbca8d9fd6333648
Data/Video_V/V_HELICOPTER_055_LABELS.mat,.mat,16341,2eaf08bbaecdf0ac8ba953fdf4075b167365bb7661cf745e1e58b24cf65abcbd
Data/Video_V/V_HELICOPTER_056.mp4,.mp4,960772,d1b601261caf7586b83a211d71e076b285d0f1727455d0ba62ec2910d2502dbd
Data/Video_V/V_HELICOPTER_056_LABELS.mat,.mat,16330,9752543a5d99a71498f2b154aa048729eebbe66a1ea6694e5fc4008e329352cd
Data/Video_V/V_HELICOPTER_057.mp4,.mp4,241172,aa7a52514fc4f9987aebae642cca1423febd3d33d53513f3e857745a46e1db3a
Data/Video_V/V_HELICOPTER_057_LABELS.mat,.mat,17574,e585f597203a6e7405297417381c9b092b45fd0336bdb28f90ff5fc10d9f9fc0
Data/Video_V/V_HELICOPTER_058.mp4,.mp4,221069,7fd1f92d98ad6fb9a44be23c5101a6a889db78d6951907e1ff09a9750cb2b2dd
Data/Video_V/V_HELICOPTER_058_LABELS.mat,.mat,17458,491fc39b40a619e2b81a96571d5e104ee6dd5a712efbaa73322a0202ff511080
Data/Video_V/V_HELICOPTER_059.mp4,.mp4,456465,e967f4dc57f0d93554f0a08d5e4bee5ed05eac7858098183c7638c9d76a4b895
Data/Video_V/V_HELICOPTER_059_LABELS.mat,.mat,16736,7ab1c3d14d7c8cee1ae01bf965c8f3521ac6fa5d34c882f2e5dd3929f8198cc4
Data/Video_V/V_HELICOPTER_060.mp4,.mp4,508772,c751d121c9be62fb64a480a8c21df74ad2ca85b9fef00264217686685b51572b
Data/Video_V/V_HELICOPTER_060_LABELS.mat,.mat,19396,bfb4c6eb368821b45c1b238936ae13ac3ffddd1700296decb9b7f9eb9992329c
Data/Video_V/V_HELICOPTER_061.mp4,.mp4,2527930,3fa7667239b269a7e9fc4110e272e54512cb92e2d7a8b5109a817d56c09e15c9
Data/Video_V/V_HELICOPTER_061_LABELS.mat,.mat,17581,5ce658cd4f93a27639d007180cc18f8c3c41e49f38425ba81c1305dbd4616c18
Demo_IR_DRONE_146.mp4,.mp4,724115,642cb19c9c4374008f28877a390001cf7f30e810e7786240fb9c0085d39d916f
Demo_V_DRONE_017.mp4,.mp4,811587,b5370131a5f69aaff59e8bc56051cd1bfb1d34ce3f2a2ff10f72800d7d2e4945
